<?xml version="1.0"?>
<metadata xml:lang="en"><Esri><CreaDate>20111017</CreaDate><CreaTime>10444900</CreaTime><SyncOnce>FALSE</SyncOnce><SyncDate>20111025</SyncDate><SyncTime>14170600</SyncTime><ModDate>20111025</ModDate><ModTime>14170600</ModTime><DataProperties><lineage/></DataProperties><MetaID>{9A4E4109-F616-4367-BAEE-C5A273CB8E54}</MetaID></Esri><idinfo><native Sync="TRUE">Microsoft Windows XP Version 5.1 (Build 2600) Service Pack 3; ESRI ArcCatalog 9.3.1.3000</native><descript><langdata Sync="TRUE">en</langdata><abstract>The dataset depicts the authoritative locations of the most commonly known Department of Defense (DoD) sites, installations, ranges, and training areas in the United States and Territories. These sites encompass land which is federally owned or otherwise managed. This dataset was created from source data provided by the four Military Service Component headquarters and was compiled by the Defense Installation Spatial Data Infrastructure (DISDI) Program within the Office of the Deputy Under Secretary of Defense for Installations and Environment, Business Enterprise Integration Directorate. Sites were selected from the 2010 Base Structure Report (BSR), a summary of the DoD Real Property Inventory. This list does not necessarily represent a comprehensive collection of all Department of Defense facilities, and only those in the fifty United States and US Territories were considered for inclusion.  For inventory purposes, installations are comprised of sites, where a site is defined as a specific geographic location of federally owned or managed land and is assigned to military installation. DoD installations are commonly referred to as a base, camp, post, station, yard, center, homeport facility for any ship, or other activity under the jurisdiction, custody, control of the DoD.</abstract><purpose>This geospatial dataset contains authoritative point locations of Department of Defense sites, commonly referred to as installations, ranges, and training areas.  This list does not necessarily represent a comprehensive collection of all Department of Defense facilities, and only those in the fifty United States and US Territories were considered for inclusion.  Additionally, some sites were not included because geospatial data were not available, or it is a leased site.</purpose></descript><citation><citeinfo><title Sync="TRUE">MILITARY_INSTALLATIONS_RANGES_TRAINING_AREAS_PT</title><ftname Sync="TRUE">MILITARY_INSTALLATIONS_RANGES_TRAINING_AREAS_PT</ftname><geoform Sync="TRUE">vector digital data</geoform><onlink>http://www.acq.osd.mil/ie/bei/disdi.shtml</onlink><pubdate>17-Oct-2011</pubdate><pubtime>Unknown</pubtime><origin>The DISDI Program </origin></citeinfo></citation><natvform Sync="TRUE">Shapefile</natvform><spdom><lboundng><leftbc Sync="TRUE">-168.867780</leftbc><rightbc Sync="TRUE">174.104472</rightbc><bottombc Sync="TRUE">13.310824</bottombc><topbc Sync="TRUE">71.328904</topbc></lboundng><bounding><westbc Sync="TRUE">-168.867780</westbc><eastbc Sync="TRUE">174.104472</eastbc><northbc Sync="TRUE">71.328904</northbc><southbc Sync="TRUE">13.310824</southbc></bounding></spdom><ptcontac><cntinfo><cntorgp><cntorg>Office of the Deputy Under Secretary of Defense for Installations and Environment, Business Enterprise Integration Directorate</cntorg><cntper>The DISDI Program </cntper></cntorgp><cntpos>Custodian</cntpos><cntemail>DISDI.HelpDesk@osd.mil </cntemail></cntinfo></ptcontac><keywords><theme><themekey>Defense</themekey><themekey>DoD</themekey><themekey>Sites</themekey><themekey>Installations</themekey><themekey>Ranges</themekey><themekey>Training Areas</themekey><themekey>BRAC</themekey><themekey>Joint Base</themekey><themekey>Air Force</themekey><themekey>Army</themekey><themekey>Navy</themekey><themekey>Marine Corps</themekey><themekey>Base Structure Report</themekey><themekey>Federal Lands</themekey></theme></keywords><timeperd><timeinfo><sngdate><caldate>17-Oct-2011</caldate></sngdate></timeinfo><current>publication date</current></timeperd><status><progress>Complete</progress><update>Annually</update></status><accconst>Preferred use citation:  "This data was accessed by the user at geodata.gov.  Although these data have been provided by the DoD Components, no warranty expressed or implied is made regarding the utility of the data on any other system, in derived products or data alterations, nor shall the act of distribution constitute and such warranty."</accconst><useconst>While every attempt has been made to provide the best available data quality, this data set is intended for use at mapping scales between 1:250,000 and 1:3,000,000. 

Although these data have been provided by each Service Component, no warranty expressed or implied is made regarding the utility of the data on any other system, nor shall the act of distribution constitute any such warranty. No responsibility is assumed in the use of these data.</useconst><secinfo><secclass>None</secclass><sechandl>This data was accessed by the user at geodata.gov.  Although these data have been provided by the DoD Components, no warranty expressed or implied is made regarding the utility of the data on any other system, in derived products or data alterations, nor shall the act of distribution constitute and such warranty."</sechandl></secinfo></idinfo><dataIdInfo><envirDesc Sync="TRUE">Microsoft Windows XP Version 5.1 (Build 2600) Service Pack 3; ESRI ArcCatalog 9.3.1.3000</envirDesc><dataLang><languageCode Sync="TRUE" value="en"></languageCode></dataLang><idCitation><resTitle Sync="TRUE">MILITARY_INSTALLATIONS_RANGES_TRAINING_AREAS_PT</resTitle><presForm><PresFormCd Sync="TRUE" value="005"></PresFormCd></presForm><resRefDate><refDate>20110115</refDate><refDateType><DateTypCd value="001"></DateTypCd></refDateType></resRefDate><citRespParty><rpIndName>The DISDI Program</rpIndName><rpOrgName>Office of the Deputy Under Secretary of Defense for Installations and Environment, Business Enterprise Integration Directorate</rpOrgName><rpPosName>Custodian</rpPosName><role><RoleCd value="002"></RoleCd></role><rpCntInfo><cntAddress><eMailAdd>DISDI.Helpdesk@osd.mil</eMailAdd></cntAddress></rpCntInfo></citRespParty><resRefDate><refDate>20111017</refDate><refDateType><DateTypCd value="003"></DateTypCd></refDateType></resRefDate><resRefDate><refDate>20111017</refDate><refDateType><DateTypCd value="002"></DateTypCd></refDateType></resRefDate><resEdDate>20100621</resEdDate></idCitation><spatRpType><SpatRepTypCd Sync="TRUE" value="001"></SpatRepTypCd></spatRpType><dataExt><geoEle><GeoBndBox esriExtentType="native"><westBL Sync="TRUE">-168.86778</westBL><eastBL Sync="TRUE">174.104472</eastBL><northBL Sync="TRUE">71.328904</northBL><southBL Sync="TRUE">13.310824</southBL><exTypeCode Sync="TRUE">1</exTypeCode></GeoBndBox></geoEle></dataExt><geoBox esriExtentType="decdegrees"><westBL Sync="TRUE">-168.86778</westBL><eastBL Sync="TRUE">174.104472</eastBL><northBL Sync="TRUE">71.328904</northBL><southBL Sync="TRUE">13.310824</southBL><exTypeCode Sync="TRUE">1</exTypeCode></geoBox><idAbs>The dataset depicts the authoritative locations of the most commonly known Department of Defense (DoD) sites, installations, ranges, and training areas in the United States and Territories. These sites encompass land which is federally owned or otherwise managed. This dataset was created from source data provided by the four Military Service Component headquarters and was compiled by the Defense Installation Spatial Data Infrastructure (DISDI) Program within the Office of the Deputy Under Secretary of Defense for Installations and Environment, Business Enterprise Integration Directorate. Sites were selected from the 2010 Base Structure Report (BSR), a summary of the DoD Real Property Inventory. This list does not necessarily represent a comprehensive collection of all Department of Defense facilities, and only those in the fifty United States and US Territories were considered for inclusion.  For inventory purposes, installations are comprised of sites, where a site is defined as a specific geographic location of federally owned or managed land and is assigned to military installation. DoD installations are commonly referred to as a base, camp, post, station, yard, center, homeport facility for any ship, or other activity under the jurisdiction, custody, control of the DoD.</idAbs><tpCat><TopicCatCd value="011"></TopicCatCd></tpCat><resMaint><maintFreq><MaintFreqCd value="008"></MaintFreqCd></maintFreq><dateNext>20120701</dateNext></resMaint><resConst><Consts><useLimit>Preferred use citation:  "This data was accessed by the user at geodata.gov.  Although these data have been provided by the DoD Components, no warranty expressed or implied is made regarding the utility of the data on any other system, in derived products or data alterations, nor shall the act of distribution constitute and such warranty."</useLimit><useLimit>While every attempt has been made to provide the best available data quality, this data set is intended for use at mapping scales between 1:250,000 and 1:3,000,000. </useLimit></Consts><SecConsts><class><ClasscationCd value="001"></ClasscationCd></class></SecConsts></resConst><dataScale><equScale><rfDenom>250,000</rfDenom></equScale></dataScale><descKeys KeyTypCd="005"><keyTyp><KeyTypCd value="005"></KeyTypCd></keyTyp><keyword>Defense</keyword><keyword>DoD Sites</keyword><keyword>Installations</keyword><keyword>Ranges</keyword><keyword>Training Areas</keyword><keyword>BRAC</keyword><keyword>Joint Base</keyword><keyword>Base Structure Report</keyword><keyword>Federal Lands</keyword></descKeys><descKeys KeyTypCd="005"><keyTyp><KeyTypCd value="005"></KeyTypCd></keyTyp><keyword>Air Force</keyword><keyword>Army</keyword><keyword>Navy</keyword><keyword>Marine Corps</keyword></descKeys></dataIdInfo><metainfo><langmeta Sync="TRUE">en</langmeta><metstdn Sync="TRUE">FGDC Content Standards for Digital Geospatial Metadata</metstdn><metstdv Sync="TRUE">FGDC-STD-001-1998</metstdv><mettc Sync="TRUE">local time</mettc><metd Sync="TRUE">20111025</metd><metc><cntinfo><cntorgp><cntorg>Office of the Deputy Under Secretary of Defense for Installations and Environment, Business Enterprise Integration Directorate </cntorg><cntper>The DISDI Program </cntper></cntorgp><cntpos>Distributor </cntpos><cntemail>DISDI.HelpDesk@osd.mil</cntemail><cntaddr><addrtype>l.</addrtype></cntaddr></cntinfo></metc><metextns><onlink Sync="TRUE">http://www.esri.com/metadata/esriprof80.html</onlink><metprof Sync="TRUE">ESRI Metadata Profile</metprof></metextns></metainfo><mdLang><languageCode Sync="TRUE" value="en"></languageCode></mdLang><mdStanName Sync="TRUE">ISO 19115 Geographic Information - Metadata</mdStanName><mdStanVer Sync="TRUE">DIS_ESRI1.0</mdStanVer><mdChar><CharSetCd Sync="TRUE" value="004"></CharSetCd></mdChar><mdHrLv><ScopeCd Sync="TRUE" value="005"></ScopeCd></mdHrLv><mdHrLvName Sync="TRUE">dataset</mdHrLvName><distinfo><stdorder><digform><digtinfo><transize Sync="TRUE">0.022</transize><dssize Sync="TRUE">0.022</dssize></digtinfo><digtopt><onlinopt><computer><networka><networkr>http://www.acq.osd.mil/ie/bei/disdi.shtml </networkr></networka></computer></onlinopt></digtopt></digform><fees>None</fees><ordering>Visit http://www.acq.osd.mil/ie/bei/disdi.shtml to download a copy of the data.</ordering><turnarnd>Data is downloadable and turnaround will vary by user. </turnarnd></stdorder><distliab>Although these data have been provided by each Service Component, no warranty expressed or implied is made regarding the utility of the data on any other system, nor shall the act of distribution constitute any such warranty. No responsibility is assumed in the use of these data.</distliab><resdesc Sync="TRUE">Downloadable Data</resdesc><distrib><cntinfo><cntorgp><cntorg>Office of the Deputy Under Secretary of Defense for Installations and Environment, Business Enterprise Integration Directorate </cntorg><cntper>The DISDI Program </cntper></cntorgp><cntpos>Distributor </cntpos><cntemail>DISDI.HelpDesk@osd.mil</cntemail></cntinfo></distrib></distinfo><distInfo><distributor><distorTran><onLineSrc><orDesc Sync="TRUE">002</orDesc><protocol Sync="TRUE">Local Area Network</protocol><orFunct><OnFunctCd value="001"></OnFunctCd></orFunct><linkage>http://www.acq.osd.mil/ie/bei/disdi.shtml </linkage></onLineSrc><transSize Sync="TRUE">0.022</transSize><offLineMed/></distorTran><distorFormat><formatName Sync="TRUE">Shapefile</formatName><formatVer>ArcGIS 9.3.1</formatVer></distorFormat><distorCont><rpIndName>The DISDI Program </rpIndName><rpOrgName>Office of the Deputy Under Secretary of Defense for Installations and Environment, Business Enterprise Integration Directorate </rpOrgName><rpPosName>Distributor</rpPosName><rpCntInfo><cntAddress><eMailAdd>DISDI.Helpdesk@osd.mil</eMailAdd></cntAddress></rpCntInfo><role><RoleCd value="005"></RoleCd></role></distorCont><distorOrdPrc><ordInstr>Visit http://www.acq.osd.mil/ie/bei/disdi.shtml to download a copy of the data.</ordInstr><resFees>None</resFees><ordTurn>Data is downloadable and turnaround will vary by user.</ordTurn></distorOrdPrc></distributor></distInfo><spdoinfo><direct Sync="TRUE">Vector</direct><ptvctinf><esriterm Name="MILITARY_INSTALLATIONS_RANGES_TRAINING_AREAS_PT"><efeatyp Sync="TRUE">Simple</efeatyp><efeageom Sync="TRUE">Point</efeageom><esritopo Sync="TRUE">FALSE</esritopo><efeacnt Sync="TRUE">819</efeacnt><spindex Sync="TRUE">FALSE</spindex><linrefer Sync="TRUE">FALSE</linrefer></esriterm><sdtsterm Name="MILITARY_INSTALLATIONS_RANGES_TRAINING_AREAS_PT"><sdtstype Sync="TRUE">Entity point</sdtstype><ptvctcnt Sync="TRUE">819</ptvctcnt></sdtsterm></ptvctinf></spdoinfo><spref><horizsys><cordsysn><geogcsn Sync="TRUE">GCS_WGS_1984</geogcsn></cordsysn><geograph><geogunit Sync="TRUE">Decimal degrees</geogunit><latres Sync="TRUE">0.000000</latres><longres Sync="TRUE">0.000000</longres></geograph><geodetic><horizdn Sync="TRUE">D_WGS_1984</horizdn><ellips Sync="TRUE">WGS_1984</ellips><semiaxis Sync="TRUE">6378137.000000</semiaxis><denflat Sync="TRUE">298.257224</denflat></geodetic></horizsys></spref><refSysInfo><RefSystem><refSysID><identCode Sync="TRUE">GCS_WGS_1984</identCode></refSysID></RefSystem></refSysInfo><spatRepInfo><VectSpatRep><topLvl><TopoLevCd Sync="TRUE" value="001"></TopoLevCd></topLvl><geometObjs Name="MILITARY_INSTALLATIONS_RANGES_TRAINING_AREAS_PT"><geoObjTyp><GeoObjTypCd Sync="TRUE" value="004"></GeoObjTypCd></geoObjTyp><geoObjCnt Sync="TRUE">819</geoObjCnt></geometObjs></VectSpatRep></spatRepInfo><eainfo><detailed Name="MILITARY_INSTALLATIONS_RANGES_TRAINING_AREAS_PT"><enttyp><enttypl Sync="TRUE">MILITARY_INSTALLATIONS_RANGES_TRAINING_AREAS_PT</enttypl><enttypt Sync="TRUE">Feature Class</enttypt><enttypc Sync="TRUE">819</enttypc></enttyp><attr><attrlabl Sync="TRUE">Shape</attrlabl><attalias Sync="TRUE">Shape</attalias><attrtype Sync="TRUE">Geometry</attrtype><attwidth Sync="TRUE">0</attwidth><atprecis Sync="TRUE">0</atprecis><attscale Sync="TRUE">0</attscale><attrdef Sync="TRUE">Feature geometry.</attrdef><attrdefs Sync="TRUE">ESRI</attrdefs><attrdomv><udom Sync="TRUE">Coordinates defining the features.</udom></attrdomv></attr><attr><attrlabl Sync="TRUE">FID</attrlabl><attalias Sync="TRUE">FID</attalias><attrtype Sync="TRUE">OID</attrtype><attwidth Sync="TRUE">4</attwidth><atprecis Sync="TRUE">0</atprecis><attscale Sync="TRUE">0</attscale><attrdef Sync="TRUE">Internal feature number.</attrdef><attrdefs Sync="TRUE">ESRI</attrdefs><attrdomv><udom Sync="TRUE">Sequential unique whole numbers that are automatically generated.</udom></attrdomv></attr><attr><attrlabl Sync="TRUE">COMPONENT</attrlabl><attalias Sync="TRUE">COMPONENT</attalias><attrtype Sync="TRUE">String</attrtype><attwidth Sync="TRUE">20</attwidth></attr><attr><attrlabl Sync="TRUE">SITE_NAME</attrlabl><attalias Sync="TRUE">SITE_NAME</attalias><attrtype Sync="TRUE">String</attrtype><attwidth Sync="TRUE">100</attwidth></attr><attr><attrlabl Sync="TRUE">BRAC_SITE</attrlabl><attalias Sync="TRUE">BRAC_SITE</attalias><attrtype Sync="TRUE">String</attrtype><attwidth Sync="TRUE">15</attwidth></attr><attr><attrlabl Sync="TRUE">JOINT_BASE</attrlabl><attalias Sync="TRUE">JOINT_BASE</attalias><attrtype Sync="TRUE">String</attrtype><attwidth Sync="TRUE">50</attwidth></attr><attr><attrlabl Sync="TRUE">STATE_TERR</attrlabl><attalias Sync="TRUE">STATE_TERR</attalias><attrtype Sync="TRUE">String</attrtype><attwidth Sync="TRUE">35</attwidth></attr></detailed></eainfo><mdDateSt Sync="TRUE">20111025</mdDateSt><history><log><item><changeset>0</changeset><changetype>Metadata</changetype><user>OSDIVT3\karen barnhouse</user><date>12/1/2009 4:49:13 PM</date><comment>Automatic metadata synchronization.</comment></item><item><changeset>1</changeset><changetype>Metadata</changetype><user>OSDIVT3\karen barnhouse</user><date>12/2/2009 9:21:14 AM</date><comment>Automatic metadata synchronization.</comment></item><item><changeset>2</changeset><changetype>Metadata</changetype><user>OSDIVT3\karen barnhouse</user><date>12/9/2009 10:30:47 AM</date><comment>Automatic metadata synchronization.</comment></item><item><changeset>3</changeset><changetype>Metadata</changetype><user>OSDIVT3\karen barnhouse</user><date>12/17/2009 10:21:57 AM</date><comment>Automatic metadata synchronization.</comment></item><item><changeset>4</changeset><changetype>Metadata</changetype><user>OSDIVT3\karen barnhouse</user><date>12/17/2009 10:41:42 AM</date><comment>Automatic metadata synchronization.</comment></item><item><changeset>5</changeset><changetype>Metadata</changetype><user>OSDIVT3\karen barnhouse</user><date>1/4/2010 10:33:56 AM</date><comment>Automatic metadata synchronization.</comment></item></log></history><dataqual><lineage><procstep><procdesc>This geospatial dataset contains authoritative point locations of Department of Defense sites, commonly referred to as installations, ranges, and training areas.  This list does not necessarily represent a comprehensive collection of all Department of Defense facilities, and only those in the fifty United States and US Territories were considered for inclusion.  Additionally, some sites were not included because geospatial data were not available, or it is a leased site.
 
Final selection and approval of sites were coordinated and approved by each of the Army, Air Force, Navy and Marine Corps headquarters programs for installation geospatial information and services (IGI&amp;S). Each IGI&amp;S program coordinated review and approval with their respective real property officers to the greatest practical extent. 
 
Installation data provided by the Service IGI&amp;S programs depict the general location of installations, sites, ranges, and other areas managed by DoD as reported in the Federal Real Property Profile.  Point locations were provided by an authoritative source or derived from notional (non-surveyed) site boundaries and represent approximate locations.  Points are placed either at the relative center of each site or near the center of the most commonly used portion of the site. Users may note positional inaccuracies in the point placement when zooming to specific site locations, particularly those with no boundaries.
 
The initial raw data set was aggregated from several key DoD site location data sources by the DISDI Program and provided to each Service component for review.  The Service IGI&amp;S Programs coordinated with support teams to review the data, confirm site/location information, and provide corrections.  All feedback received from the Services was incorporated into the final database.
 
This dataset represents the baseline for georeferenced site locations in the Base Structure Report.  This list does not necessarily represent a comprehensive collection of all Department of Defense facilities.  The Department has an ongoing effort to refine site location data and intends to incorporate improvements in future annual releases.</procdesc><date Sync="TRUE">20100112</date><time Sync="TRUE">10324300</time></procstep><procstep><procdesc Sync="TRUE">Metadata imported.</procdesc><srcused Sync="TRUE">C:\Karen DISDI\DSL_MIRTA\Deliverables\Military_Installations_Ranges_and_Training_Areas\Final_June2010\MILITARY_INSTALLATIONS_RANGES_TRAINING_AREAS_PT.shp.xml</srcused><procdate Sync="TRUE">20111017</procdate><proctime Sync="TRUE">10444900</proctime></procstep></lineage><complete>This dataset represents the baseline for georeferenced site locations in the Base Structure Report.  This list does not necessarily represent a comprehensive collection of all Department of Defense facilities. The Department has an ongoing effort to refine site location data and intends to incorporate improvements in future annual releases.</complete><posacc><horizpa><horizpar>While every attempt has been made to provide the best available data quality, this data set is intended for use at mapping scales between 1:250,000 and 1:3,000,000. </horizpar></horizpa></posacc></dataqual><mdContact><rpIndName>The DISDI Program</rpIndName><rpOrgName>Office of the Deputy Under Secretary of Defense for Installations and Environment, Business Enterprise Integration Directorate</rpOrgName><rpPosName>Custodian</rpPosName><rpCntInfo><cntAddress><eMailAdd>DISDI.Helpdesk@osd.mil</eMailAdd></cntAddress></rpCntInfo><role><RoleCd value="002"></RoleCd></role></mdContact><dqInfo><dataLineage><statement>This geospatial dataset contains authoritative point locations of Department of Defense sites, commonly referred to as installations, ranges, and training areas. This list does not necessarily represent a comprehensive collection of all Department of Defense facilities, and only those in the fifty United States and US Territories were considered for inclusion.  Additionally, some sites were not included because geospatial data were not available, or it is a leased site.
Final selection and approval of sites were coordinated and approved by each of the Army, Air Force, Navy and Marine Corps headquarters programs for installation geospatial information and services (IGI&amp;S). Each IGI&amp;S program coordinated review and approval with their respective real property officers to the greatest practical extent. 
 
Installation data provided by the Service IGI&amp;S programs depict the general location of installations, sites, ranges, and other areas managed by DoD as reported in the Federal Real Property Profile.  Point locations were provided by an authoritative source or derived from notional (non-surveyed) site boundaries and represent approximate locations.  Points are placed either at the relative center of each site or near the center of the most commonly used portion of the site. Users may note positional inaccuracies in the point placement when zooming to specific site locations, particularly those with no boundaries.
 
The initial raw data set was aggregated from several key DoD site location data sources by the DISDI Program and provided to each Service component for review.  The Service IGI&amp;S Programs coordinated with support teams to review the data, confirm site/location information, and provide corrections.  All feedback received from the Services was incorporated into the final database.
 
This dataset represents the baseline for georeferenced site locations in the Base Structure Report.  This list does not necessarily represent a comprehensive collection of all Department of Defense facilities.  The Department has an ongoing effort to refine site location data and intends to incorporate improvements in future annual releases.</statement></dataLineage><dqScope><scpLvl><ScopeCd value="005"></ScopeCd></scpLvl></dqScope></dqInfo></metadata>
