Alabama,AL,0101,"271,889","41,092","189,186","49,469","21,674",13.6,18.1,"254,440","41,172","169,798","50,334","21,773",15.4,19.1,80,0.2,1.8
Alabama,AL,0102,"252,634","37,819","169,338","47,866","20,548",16.0,19.9,"255,551","40,567","174,077","50,934","21,076",15.2,18.6,"2,748",7.3,-0.8
Alabama,AL,0103,"263,511","37,501","169,839","47,559","20,952",14.9,19.6,"263,653","35,452","175,525","45,648","19,469",17.7,24.0,"-2,049",-5.5,2.8
Alabama,AL,0104,"252,875","37,351","178,004","45,514","19,207",14.4,18.4,"249,062","36,715","179,221","43,349","19,196",14.8,19.8,-636,-1.7,0.4
Alabama,AL,0105,"276,968","45,114","187,611","58,233","25,139",9.8,13.0,"280,180","45,856","189,051","56,653","25,059",11.8,15.3,742,1.6,2.0
Alabama,AL,0106,"285,937","54,523","200,014","68,959","30,242",6.5,9.1,"283,719","55,559","197,497","67,255","28,854",8.0,10.6,"1,036",1.9,1.5
Alabama,AL,0107,"244,237","30,919","152,064","39,885","17,227",20.5,26.7,"228,547","31,047","142,715","38,308","17,113",22.6,28.0,128,0.4,2.1
Alaska,AK,0200,"236,597","66,953","159,940","79,934","29,504",6.2,9.0,"254,610","64,576","170,859","76,962","30,598",7.2,9.9,"-2,377",-3.6,1.0
Arizona,AZ,0401,"264,261","40,080","175,762","49,062","19,367",13.8,20.1,"266,927","40,854","177,386","47,116","18,429",15.2,22.3,774,1.9,1.4
Arizona,AZ,0402,"336,609","52,070","233,998","61,170","23,735",7.3,11.0,"366,481","47,963","257,965","55,514","22,763",9.3,12.9,"-4,107",-7.9,2.0
Arizona,AZ,0403,"277,018","55,380","175,284","66,702","29,231",9.4,12.7,"272,373","52,327","169,001","66,809","30,948",9.3,13.6,"-3,053",-5.5,-0.1
Arizona,AZ,0404,"212,711","35,095","141,092","38,009","14,609",27.1,31.8,"220,837","31,498","145,591","33,111","14,246",29.8,34.4,"-3,597",-10.2,2.7
Arizona,AZ,0405,"280,508","60,426","165,536","77,096","34,415",6.8,12.2,"273,967","55,876","156,745","73,080","34,476",8.9,14.1,"-4,550",-7.5,2.1
Arizona,AZ,0406,"328,498","58,564","235,684","66,617","25,838",7.1,10.0,"340,756","56,691","243,438","63,662","25,684",7.6,10.3,"-1,873",-3.2,0.5
Arizona,AZ,0407,"274,977","38,819","196,021","43,852","16,758",18.1,23.2,"281,130","39,777","198,991","43,542","16,736",17.4,22.6,958,2.5,-0.7
Arizona,AZ,0408,"302,283","48,837","190,858","61,123","27,114",8.3,13.3,"311,579","49,825","199,311","62,667","27,961",8.6,12.7,988,2.0,0.3
Arkansas,AR,0501,"272,466","33,588","189,194","42,406","18,519",17.9,21.7,"266,718","33,862","184,623","41,995","18,682",16.6,22.1,274,0.8,-1.3
Arkansas,AR,0502,"289,279","43,175","191,126","55,376","23,866",11.3,15.4,"293,065","43,685","194,002","54,832","23,889",12.1,16.3,510,1.2,0.8
Arkansas,AR,0503,"300,718","40,324","208,508","48,609","21,204",12.9,17.5,"308,338","40,674","213,515","48,893","21,181",12.4,16.5,350,0.9,-0.5
Arkansas,AR,0504,"262,484","33,774","179,664","42,177","18,379",17.3,21.4,"246,781","35,312","169,221","43,084","18,651",15.8,21.3,"1,538",4.6,-1.5
California,CA,0601,"258,718","50,075","165,454","62,920","26,359",10.5,15.0,"261,847","48,003","164,867","59,804","25,434",10.6,16.7,"-2,072",-4.1,0.1
California,CA,0602,"264,722","43,648","178,695","53,210","22,243",10.9,15.8,"265,627","42,249","171,640","51,712","21,649",12.8,19.0,"-1,399",-3.2,1.9
California,CA,0603,"273,790","63,420","191,254","73,841","29,114",7.2,9.6,"283,256","61,853","195,521","71,024","28,100",7.6,11.1,"-1,567",-2.5,0.4
California,CA,0604,"286,306","62,514","202,920","76,086","30,964",5.8,8.5,"291,466","60,629","199,829","75,236","29,821",7.8,11.2,"-1,885",-3.0,2.0
California,CA,0605,"258,088","43,487","156,899","49,706","21,963",15.9,21.1,"257,560","43,953","156,521","48,547","21,948",18.0,22.6,466,1.1,2.1
California,CA,0606,"254,799","69,612","157,179","88,205","39,350",4.4,8.7,"260,652","64,391","161,058","82,364","37,497",7.1,12.2,"-5,221",-7.5,2.7
California,CA,0607,"230,025","62,560","158,149","72,088","27,497",8.9,12.0,"221,966","61,315","156,641","70,825","26,413",10.6,13.3,"-1,245",-2.0,1.7
California,CA,0608,"274,807","67,625","115,022","81,398","44,454",8.7,12.7,"286,190","69,926","119,095","79,570","44,867",8.1,13.1,"2,301",3.4,-0.6
California,CA,0609,"245,565","56,706","132,183","69,160","32,101",11.4,15.6,"250,509","53,286","136,827","68,689","31,893",13.7,19.3,"-3,420",-6.0,2.3
California,CA,0610,"247,269","78,876","175,639","91,473","36,787",6.1,8.3,"255,384","75,457","180,335","92,071","35,580",5.7,8.0,"-3,419",-4.3,-0.4
California,CA,0611,"250,201","74,524","182,537","86,145","33,743",5.6,8.2,"264,398","72,075","200,217","81,639","32,850",8.2,11.1,"-2,449",-3.3,2.6
California,CA,0612,"228,370","85,794","153,106","102,779","40,898",3.5,5.9,"236,813","82,337","156,336","98,574","40,037",4.6,7.0,"-3,457",-4.0,1.1
California,CA,0613,"208,664","75,152","148,760","89,307","31,349",5.1,7.6,"218,034","73,539","162,530","82,498","30,293",7.4,10.5,"-1,613",-2.1,2.3
California,CA,0614,"237,467","93,813","157,920","115,200","49,195",5.3,8.3,"243,771","94,740","159,669","111,058","49,460",4.0,7.1,927,1.0,-1.3
California,CA,0615,"229,613","85,928","161,579","101,333","37,229",5.5,7.5,"235,179","85,700","165,810","99,154","36,665",5.8,9.5,-228,-0.3,0.3
California,CA,0616,"203,175","74,257","149,736","79,305","29,698",9.1,12.6,"202,905","73,973","149,791","80,205","29,205",9.7,13.1,-284,-0.4,0.6
California,CA,0617,"211,469","57,798","146,321","63,847","24,780",12.9,17.5,"207,745","55,026","143,703","60,048","24,790",12.6,16.8,"-2,772",-4.8,-0.3
California,CA,0618,"211,686","39,747","160,441","43,343","16,023",20.1,23.9,"211,216","39,297","159,246","42,451","16,341",23.2,26.2,-450,-1.1,3.1
California,CA,0619,"247,107","52,768","178,712","59,888","23,742",10.9,15.7,"253,923","51,553","188,598","58,334","22,840",14.4,17.9,"-1,215",-2.3,3.5
California,CA,0620,"179,564","34,896","138,115","37,588","12,230",25.9,29.9,"188,924","33,089","147,639","35,106","12,112",29.6,33.7,"-1,807",-5.2,3.7
California,CA,0621,"235,334","45,903","175,600","51,869","19,638",16.0,20.2,"236,975","48,113","184,536","52,674","19,558",18.1,22.2,"2,210",4.8,2.1
California,CA,0622,"255,994","54,017","183,220","61,041","24,188",12.5,15.9,"266,344","53,626","193,058","61,687","24,501",12.0,15.7,-391,-0.7,-0.5
California,CA,0623,"227,086","53,801","139,358","62,749","25,682",9.5,16.4,"223,890","54,049","147,419","63,088","25,416",11.3,18.5,248,0.5,1.8
California,CA,0624,"228,138","76,992","171,510","88,137","33,359",6.6,8.8,"235,960","74,103","169,997","88,259","34,425",6.0,9.0,"-2,889",-3.8,-0.6
California,CA,0625,"245,957","58,396","189,659","62,801","23,107",13.0,16.4,"252,586","57,862","191,374","64,573","22,703",12.0,15.7,-534,-0.9,-1.0
California,CA,0626,"226,520","74,182","172,639","85,100","33,421",5.2,6.7,"228,846","75,086","173,519","82,344","32,284",6.0,8.9,904,1.2,0.8
California,CA,0627,"224,308","57,164","155,586","65,190","26,391",10.1,12.4,"233,534","56,836","156,943","65,779","25,820",11.2,15.3,-328,-0.6,1.1
California,CA,0628,"210,220","51,625","135,263","54,413","25,069",14.9,18.4,"210,184","50,607","138,862","51,901","25,981",14.6,17.7,"-1,018",-2.0,-0.3
California,CA,0629,"239,091","58,859","160,445","65,819","30,675",9.1,12.0,"226,351","57,700","152,380","62,260","28,409",9.6,13.1,"-1,159",-2.0,0.5
California,CA,0630,"282,913","78,686","139,938","109,474","56,860",5.2,10.0,"294,952","75,700","144,455","106,008","57,321",5.3,10.6,"-2,986",-3.8,0.1
California,CA,0631,"191,812","36,105","126,408","37,601","16,063",23.6,26.2,"196,192","35,194","121,571","35,199","16,429",26.5,28.8,-911,-2.5,2.9
California,CA,0632,"168,036","51,459","136,519","54,402","18,231",12.6,15.4,"169,380","49,529","136,460","51,935","17,819",12.8,16.1,"-1,930",-3.8,0.2
California,CA,0633,"247,323","42,661","134,516","47,908","26,915",15.9,20.6,"247,545","41,538","132,769","47,191","24,690",17.5,22.2,"-1,123",-2.6,1.6
California,CA,0634,"174,590","37,884","126,467","39,687","14,895",22.0,25.5,"186,010","36,270","133,957","39,907","14,918",24.3,27.2,"-1,614",-4.3,2.3
California,CA,0635,"205,852","43,993","141,859","48,357","18,743",19.2,20.6,"200,641","41,271","141,435","43,757","18,780",21.5,24.7,"-2,722",-6.2,2.3
California,CA,0636,"260,170","68,935","152,230","82,148","37,081",8.7,11.8,"253,859","65,717","151,524","76,522","36,016",10.3,13.2,"-3,218",-4.7,1.6
California,CA,0637,"193,002","47,611","130,916","49,644","19,021",17.7,20.9,"195,512","46,950","135,011","50,747","19,293",16.5,20.3,-661,-1.4,-1.2
California,CA,0638,"162,221","53,241","130,032","56,282","17,606",11.7,13.9,"168,096","51,381","137,526","52,911","16,783",14.0,17.3,"-1,860",-3.5,2.3
California,CA,0639,"174,379","54,875","143,212","58,426","18,762",12.0,14.3,"175,304","53,439","140,832","56,114","19,208",14.7,16.4,"-1,436",-2.6,2.7
California,CA,0640,"209,029","68,307","157,208","73,644","27,270",8.0,11.0,"207,071","65,243","157,081","72,776","26,800",8.9,11.9,"-3,064",-4.5,0.9
California,CA,0641,"259,158","47,581","186,460","54,562","21,822",13.7,17.4,"267,715","49,506","186,635","56,134","22,299",10.7,15.9,"1,925",4.0,-3.0
California,CA,0642,"209,119","84,822","166,695","92,929","33,790",4.3,5.4,"214,070","83,029","169,643","91,356","32,605",4.6,6.3,"-1,793",-2.1,0.3
California,CA,0643,"185,134","47,109","151,033","49,536","15,980",18.3,21.0,"188,271","46,728","150,303","48,461","15,151",19.9,23.9,-381,-0.8,1.6
California,CA,0644,"237,464","68,637","185,768","75,118","25,428",8.0,11.2,"244,987","67,381","188,051","72,778","26,164",9.1,13.3,"-1,256",-1.8,1.1
California,CA,0645,"294,401","51,197","202,299","57,084","23,595",11.6,14.7,"291,888","49,508","210,871","56,273","22,623",13.8,17.3,"-1,689",-3.3,2.2
California,CA,0646,"241,101","74,837","153,807","91,489","39,380",6.2,8.9,"242,431","71,332","159,358","85,404","36,657",6.7,10.5,"-3,505",-4.7,0.5
California,CA,0647,"147,733","51,621","118,477","50,563","16,224",15.6,18.6,"152,239","51,647","121,616","50,262","15,999",17.7,20.9,26,0.1,2.1
California,CA,0648,"278,219","82,998","178,302","99,905","45,467",4.3,7.3,"276,317","82,047","179,365","102,123","43,611",5.7,9.5,-951,-1.1,1.4
California,CA,0649,"238,687","59,272","181,604","65,458","24,154",8.7,11.5,"247,831","57,399","183,867","61,748","23,799",10.8,14.5,"-1,873",-3.2,2.1
California,CA,0650,"263,103","72,411","184,091","87,833","36,536",5.4,8.5,"264,274","70,362","184,357","81,364","34,819",9.0,11.7,"-2,049",-2.8,3.6
California,CA,0651,"205,720","48,398","159,784","53,849","18,779",15.3,17.4,"218,788","50,316","175,152","53,953","19,153",14.6,16.9,"1,918",4.0,-0.7
California,CA,0652,"234,178","67,641","165,219","79,867","30,759",7.1,10.4,"235,393","67,671","166,119","79,993","29,688",8.3,11.7,30,0.0,1.2
California,CA,0653,"257,494","50,197","119,508","59,510","29,519",12.1,19.1,"255,674","48,679","115,937","55,080","29,280",17.3,23.8,"-1,518",-3.0,5.2
Colorado,CO,0801,"278,231","45,189","136,695","58,241","30,176",14.6,18.8,"291,112","44,859","143,656","55,496","30,717",15.9,20.9,-330,-0.7,1.3
Colorado,CO,0802,"267,983","64,394","170,388","79,188","31,988",7.3,11.6,"277,746","62,146","175,197","77,580","31,209",6.8,11.6,"-2,248",-3.5,-0.5
Colorado,CO,0803,"274,886","46,541","182,692","56,262","24,633",10.0,14.0,"280,715","44,906","180,060","54,671","24,065",11.0,15.6,"-1,635",-3.5,1.0
Colorado,CO,0804,"270,749","50,076","180,420","62,574","25,119",10.0,16.0,"274,040","50,167","182,299","62,956","25,261",10.4,15.0,91,0.2,0.4
Colorado,CO,0805,"267,816","53,706","180,137","65,433","26,316",8.4,11.6,"275,368","50,925","184,776","63,569","25,697",10.0,13.2,"-2,781",-5.2,1.6
Colorado,CO,0806,"291,522","85,052","219,596","98,008","38,631",3.4,4.7,"301,716","82,062","224,370","95,649","37,824",2.9,4.4,"-2,990",-3.5,-0.5
Colorado,CO,0807,"258,959","50,169","163,211","59,656","24,718",11.4,15.3,"259,888","50,360","168,527","60,141","25,088",11.8,14.8,191,0.4,0.4
Connecticut,CT,0901,"270,046","60,467","175,820","74,935","30,883",7.8,10.2,"282,824","59,321","182,488","75,726","30,979",8.4,11.1,"-1,146",-1.9,0.6
Connecticut,CT,0902,"267,252","70,453","186,257","83,516","33,199",4.6,6.9,"274,152","68,952","183,392","83,780","33,140",4.8,7.5,"-1,501",-2.1,0.2
Connecticut,CT,0903,"268,636","61,902","174,911","80,128","31,451",7.4,10.7,"276,040","57,676","171,329","74,728","31,320",8.0,11.5,"-4,226",-6.8,0.6
Connecticut,CT,0904,"255,299","81,775","173,098","102,188","49,934",6.4,9.5,"253,306","77,074","171,734","99,625","47,340",7.1,9.8,"-4,701",-5.7,0.7
Connecticut,CT,0905,"265,096","64,701","180,444","79,833","33,411",7.3,9.7,"272,487","60,460","181,827","78,017","32,729",7.5,10.6,"-4,241",-6.6,0.2
Delaware,DE,1000,"327,252","56,860","220,655","67,582","28,131",7.1,10.8,"328,765","55,847","221,233","68,746","27,729",8.1,11.8,"-1,013",-1.8,1.0
District of Columbia,DC,1198,"249,280","59,290","109,030","71,208","40,797",14.6,18.4,"252,388","60,903","101,519","77,514","41,240",14.1,19.2,"1,613",2.7,-0.5
Florida,FL,1201,"262,208","44,520","179,246","52,993","22,567",11.8,16.4,"257,544","45,140","169,219","54,684","22,981",12.5,16.4,620,1.4,0.7
Florida,FL,1202,"273,440","40,448","167,052","53,292","21,364",11.7,19.1,"277,839","41,929","173,440","54,065","21,959",12.9,20.5,"1,481",3.7,1.2
Florida,FL,1203,"237,464","31,394","149,035","36,225","16,022",21.7,26.3,"228,615","31,968","139,781","37,245","16,037",22.0,27.8,574,1.8,0.3
Florida,FL,1204,"277,034","51,209","180,395","61,854","26,543",9.1,11.9,"280,607","50,337","184,965","60,402","26,638",8.3,12.7,-872,-1.7,-0.8
Florida,FL,1205,"351,591","42,760","246,388","49,203","21,796",10.0,14.2,"372,342","42,473","262,233","50,677","22,010",10.5,14.1,-287,-0.7,0.5
Florida,FL,1206,"309,044","44,487","207,502","53,456","23,560",9.4,14.3,"304,749","43,971","202,589","52,940","22,382",12.0,17.9,-516,-1.2,2.6
Florida,FL,1207,"300,815","48,109","202,480","59,314","26,350",9.4,13.0,"300,838","48,341","199,185","59,496","26,375",11.0,15.7,232,0.5,1.6
Florida,FL,1208,"295,683","46,857","189,131","55,697","25,570",9.4,13.0,"301,289","45,221","198,208","52,303","24,212",11.5,14.9,"-1,636",-3.5,2.1
Florida,FL,1209,"291,364","49,020","190,666","61,502","28,045",7.9,11.1,"295,580","46,928","187,059","59,472","27,065",9.8,13.8,"-2,092",-4.3,1.9
Florida,FL,1210,"279,263","43,498","153,857","55,187","27,269",7.9,11.7,"282,658","44,062","156,086","57,386","27,921",8.4,12.8,564,1.3,0.5
Florida,FL,1211,"265,972","38,030","152,767","42,853","21,916",16.3,20.9,"262,621","37,724","148,065","43,762","22,107",17.5,22.3,-306,-0.8,1.2
Florida,FL,1212,"294,705","43,585","204,096","50,836","21,241",13.3,17.0,"301,659","42,150","205,203","49,202","20,560",13.2,16.7,"-1,435",-3.3,-0.1
Florida,FL,1213,"312,717","45,670","196,523","56,207","27,182",9.5,13.8,"308,966","45,514","194,227","56,176","26,339",9.5,14.5,-156,-0.3,0.0
Florida,FL,1214,"338,700","47,497","226,007","56,448","30,246",7.2,11.6,"333,959","46,905","217,649","56,345","28,412",9.8,15.6,-592,-1.2,2.6
Florida,FL,1215,"317,609","43,720","215,070","51,621","24,006",8.9,12.9,"312,581","45,613","210,153","53,865","24,070",10.8,14.4,"1,893",4.3,1.9
Florida,FL,1216,"299,148","44,159","200,871","51,573","25,784",10.3,14.3,"311,583","43,420","209,444","51,991","26,254",10.3,14.3,-739,-1.7,0.0
Florida,FL,1217,"207,915","34,016","137,068","40,151","15,527",19.4,23.5,"201,407","35,017","135,036","38,884","15,691",21.2,25.5,"1,001",2.9,1.8
Florida,FL,1218,"264,174","39,936","158,385","46,446","27,174",13.0,18.0,"268,656","37,823","153,202","46,291","26,619",15.0,20.5,"-2,113",-5.3,2.0
Florida,FL,1219,"296,207","47,277","183,431","58,189","28,637",7.4,10.9,"297,508","46,919","184,156","57,195","27,552",8.7,11.7,-358,-0.8,1.3
Florida,FL,1220,"267,537","54,194","161,004","67,626","31,929",6.8,10.7,"273,497","50,905","166,225","61,029","30,822",9.4,12.3,"-3,289",-6.1,2.6
Florida,FL,1221,"214,301","45,138","161,146","50,712","21,179",11.9,14.5,"215,612","45,943","165,390","51,047","21,230",13.0,15.9,805,1.8,1.1
Florida,FL,1222,"298,679","56,035","172,550","70,781","38,155",7.6,11.5,"296,608","58,319","169,593","72,640","38,530",6.6,10.4,"2,284",4.1,-1.0
Florida,FL,1223,"224,870","35,647","138,732","40,796","17,361",19.4,23.9,"225,124","34,942","143,369","37,813","16,383",23.3,27.7,-705,-2.0,3.9
Florida,FL,1224,"283,065","52,187","187,998","63,452","26,989",6.6,9.7,"288,305","51,960","194,494","63,517","24,935",8.1,12.2,-227,-0.4,1.5
Florida,FL,1225,"224,142","52,543","181,066","55,381","19,520",11.3,14.2,"234,921","49,326","187,959","52,244","18,901",15.3,18.0,"-3,217",-6.1,4.0
Georgia,GA,1301,"258,510","39,726","176,186","50,029","20,892",14.8,19.4,"266,580","40,999","190,710","48,474","20,685",16.7,20.4,"1,273",3.2,1.9
Georgia,GA,1302,"229,590","31,589","155,672","39,704","16,755",20.4,25.3,"230,205","31,368","154,121","39,971","17,166",22.0,27.3,-221,-0.7,1.6
Georgia,GA,1303,"287,469","55,040","215,054","63,911","24,297",9.1,11.5,"290,812","52,970","212,034","61,431","24,813",11.0,13.4,"-2,070",-3.8,1.9
Georgia,GA,1304,"240,131","44,314","155,951","51,896","22,204",14.8,19.0,"234,082","43,435","153,838","48,678","21,163",16.7,21.0,-879,-2.0,1.9
Georgia,GA,1305,"287,375","50,890","135,460","60,871","35,170",17.1,20.9,"250,202","43,902","116,836","52,740","30,345",19.4,24.3,"-6,988",-13.7,2.3
Georgia,GA,1306,"263,551","78,081","190,510","93,044","37,093",4.8,7.4,"288,784","73,528","209,372","89,651","37,447",5.4,7.2,"-4,553",-5.8,0.6
Georgia,GA,1307,"299,325","58,798","225,846","66,519","25,382",9.4,11.4,"303,795","60,594","233,901","66,618","25,403",9.2,11.9,"1,796",3.1,-0.2
Georgia,GA,1308,"251,889","40,581","173,441","49,820","19,734",14.0,18.3,"254,176","40,806","179,492","50,354","19,645",15.8,19.2,225,0.6,1.8
Georgia,GA,1309,"295,184","46,296","219,389","53,976","22,705",13.3,16.6,"292,089","45,925","220,710","54,020","21,882",11.4,15.9,-371,-0.8,-1.9
Georgia,GA,1310,"265,174","40,652","180,448","51,923","21,650",13.3,20.0,"269,242","41,520","178,611","52,205","22,291",14.0,20.9,868,2.1,0.7
Georgia,GA,1311,"275,662","50,938","202,035","59,109","23,457",10.6,13.0,"278,004","49,434","199,260","57,733","22,553",11.7,14.3,"-1,504",-3.0,1.1
Georgia,GA,1312,"244,727","34,378","160,741","44,069","17,211",16.3,21.9,"244,921","35,475","157,925","44,868","17,736",18.5,26.1,"1,097",3.2,2.2
Georgia,GA,1313,"270,663","47,740","179,410","52,572","21,649",12.2,15.3,"279,528","44,704","179,159","50,393","21,480",13.8,17.6,"-3,036",-6.4,1.6
Hawaii,HI,1501,"227,611","66,822","153,078","80,422","29,769",6.9,9.4,"225,205","66,111","147,889","81,214","29,934",4.3,7.7,-711,-1.1,-2.6
Hawaii,HI,1502,"218,525","62,297","157,288","70,583","26,546",8.1,11.3,"220,607","60,437","155,186","71,392","25,329",10.3,13.5,"-1,860",-3.0,2.2
Idaho,ID,1601,"298,417","46,510","217,748","52,428","21,315",9.6,14.2,"309,583","44,949","220,999","52,783","21,401",10.8,14.9,"-1,561",-3.4,1.2
Idaho,ID,1602,"260,049","43,447","179,466","51,194","20,811",10.3,14.3,"267,126","42,042","180,807","51,856","20,519",12.5,16.6,"-1,405",-3.2,2.2
Illinois,IL,1701,"222,811","39,733","137,978","50,158","21,175",19.2,23.0,"221,614","38,299","137,741","48,992","20,437",19.8,24.8,"-1,434",-3.6,0.6
Illinois,IL,1702,"212,028","42,704","142,100","50,959","20,093",16.8,20.9,"216,910","43,515","144,539","50,888","20,322",16.8,20.8,811,1.9,0.0
Illinois,IL,1703,"225,170","56,594","158,170","65,617","24,849",8.7,10.9,"223,612","55,322","155,351","65,019","25,184",9.1,11.8,"-1,272",-2.2,0.4
Illinois,IL,1704,"188,586","42,029","121,771","43,032","19,556",19.2,20.9,"183,331","42,646","117,748","42,536","18,883",20.6,23.2,617,1.5,1.4
Illinois,IL,1705,"269,779","58,872","144,145","74,129","34,226",8.6,12.2,"253,191","57,026","138,628","72,202","31,638",9.0,13.1,"-1,846",-3.1,0.4
Illinois,IL,1706,"229,876","70,594","163,926","81,965","32,056",5.1,6.9,"232,045","66,033","164,191","79,118","30,504",5.9,8.5,"-4,561",-6.5,0.8
Illinois,IL,1707,"261,707","49,593","129,270","55,610","36,961",20.1,24.0,"264,170","48,698","134,365","52,635","34,665",19.1,24.1,-895,-1.8,-1.0
Illinois,IL,1708,"252,529","70,902","181,058","82,784","31,742",5.1,6.8,"258,496","67,740","187,729","79,333","30,351",6.0,8.1,"-3,162",-4.5,0.9
Illinois,IL,1709,"259,582","52,470","143,819","69,165","30,154",9.3,13.6,"254,993","52,691","143,578","72,380","30,408",8.5,13.3,221,0.4,-0.8
Illinois,IL,1710,"230,213","79,948","168,481","98,283","42,568",5.0,7.1,"235,958","77,055","171,749","93,551","42,341",5.4,7.2,"-2,893",-3.6,0.4
Illinois,IL,1711,"271,181","57,909","188,670","71,538","25,300",7.6,11.3,"267,181","55,276","185,754","67,327","24,757",8.2,11.6,"-2,633",-4.5,0.6
Illinois,IL,1712,"261,413","40,877","173,213","52,235","21,795",14.8,18.7,"260,085","42,718","170,544","55,470","22,397",13.2,16.9,"1,841",4.5,-1.6
Illinois,IL,1713,"263,958","80,851","195,476","96,954","37,267",3.2,5.0,"272,859","80,124","200,383","94,135","35,792",3.9,5.6,-727,-0.9,0.7
Illinois,IL,1714,"271,362","64,882","196,516","75,908","27,265",6.7,9.8,"283,699","63,402","210,623","75,246","27,661",7.2,10.4,"-1,480",-2.3,0.5
Illinois,IL,1715,"267,802","43,798","168,290","59,157","23,791",10.3,16.4,"268,594","45,373","167,047","60,184","24,315",9.1,15.5,"1,575",3.6,-1.2
Illinois,IL,1716,"269,180","54,135","187,477","66,486","26,123",9.6,12.8,"269,447","52,903","187,064","64,999","24,916",9.6,13.3,"-1,232",-2.3,0.0
Illinois,IL,1717,"259,026","40,474","164,833","51,594","22,270",11.5,15.2,"257,689","39,021","160,715","50,475","21,181",12.3,16.5,"-1,453",-3.6,0.8
Illinois,IL,1718,"267,947","50,007","170,066","63,464","26,801",8.6,12.2,"267,094","50,322","177,961","61,586","25,738",8.9,11.9,315,0.6,0.3
Illinois,IL,1719,"273,302","47,389","184,879","59,032","24,526",8.5,11.9,"261,889","48,513","178,103","60,276","24,767",8.4,12.3,"1,124",2.4,-0.1
Indiana,IN,1801,"260,557","49,550","176,374","59,635","23,208",10.3,13.4,"260,794","47,613","177,564","58,203","22,600",10.5,15.3,"-1,937",-3.9,0.2
Indiana,IN,1802,"259,374","42,839","174,045","51,256","21,103",12.8,16.3,"258,074","40,356","171,154","50,353","20,643",13.4,16.8,"-2,483",-5.8,0.6
Indiana,IN,1803,"274,499","45,757","193,045","55,259","21,733",9.7,12.8,"270,331","47,197","186,508","56,534","22,605",9.6,13.5,"1,440",3.1,-0.1
Indiana,IN,1804,"298,812","52,184","208,192","64,187","25,607",7.8,11.2,"295,643","51,085","204,984","62,253","25,095",8.2,12.6,"-1,099",-2.1,0.4
Indiana,IN,1805,"302,519","58,393","215,769","69,650","29,517",7.0,9.2,"308,976","56,440","216,596","70,455","29,147",7.0,9.5,"-1,953",-3.3,0.0
Indiana,IN,1806,"263,030","41,250","177,922","51,322","20,918",11.5,15.7,"261,331","41,110","177,531","51,607","20,975",11.9,17.5,-140,-0.3,0.4
Indiana,IN,1807,"269,560","35,841","149,209","42,468","20,392",20.2,24.0,"266,834","34,139","154,514","40,497","19,275",20.3,24.6,"-1,702",-4.7,0.1
Indiana,IN,1808,"268,483","42,909","179,826","54,268","22,600",10.8,14.6,"267,197","42,843","179,348","52,720","22,028",10.0,14.1,-66,-0.2,-0.8
Indiana,IN,1809,"280,714","42,838","183,173","54,642","21,989",9.5,14.3,"281,725","42,314","188,187","52,402","21,395",10.7,15.5,-524,-1.2,1.2
Iowa,IA,1901,"240,749","47,929","158,878","61,498","24,490",7.8,12.0,"238,368","46,704","155,208","58,980","24,708",9.5,13.7,"-1,225",-2.6,1.7
Iowa,IA,1902,"252,858","47,032","156,867","61,840","25,750",8.0,13.3,"251,011","48,387","157,480","61,367","25,486",7.9,13.2,"1,355",2.9,-0.1
Iowa,IA,1903,"259,919","52,273","171,029","64,482","27,564",8.0,11.0,"255,604","51,542","169,951","64,205","25,882",7.8,11.3,-731,-1.4,-0.2
Iowa,IA,1904,"240,427","48,280","155,805","62,122","25,453",5.7,10.5,"247,067","47,317","155,809","61,453","25,114",7.2,12.3,-963,-2.0,1.5
Iowa,IA,1905,"232,851","43,966","155,683","55,777","23,031",8.7,12.1,"231,389","46,031","155,320","57,834","23,061",8.8,12.4,"2,065",4.7,0.1
Kansas,KS,2001,"255,982","42,680","167,780","51,966","21,415",8.5,12.8,"258,490","43,367","172,581","53,475","22,443",9.8,13.9,687,1.6,1.3
Kansas,KS,2002,"277,846","44,122","180,752","58,425","23,224",10.2,15.9,"275,761","45,992","180,132","58,107","23,035",10.6,14.9,"1,870",4.2,0.4
Kansas,KS,2003,"288,931","60,915","189,919","76,835","31,493",7.2,11.8,"291,528","60,507","189,011","76,984","30,373",7.2,11.3,-408,-0.7,0.0
Kansas,KS,2004,"282,217","46,590","183,730","58,058","24,163",10.0,13.1,"275,879","45,291","179,868","57,390","23,144",10.4,14.4,"-1,299",-2.8,0.4
Kentucky,KY,2101,"276,007","36,036","190,556","44,791","19,317",13.7,17.7,"263,126","36,752","177,716","47,582","19,882",13.3,18.0,716,2.0,-0.4
Kentucky,KY,2102,"284,899","42,168","201,992","50,962","20,726",12.8,16.6,"286,697","41,459","200,505","51,144","20,554",12.6,16.8,-709,-1.7,-0.2
Kentucky,KY,2103,"292,334","44,648","182,885","58,359","26,306",12.6,15.7,"299,200","42,397","182,814","57,369","25,873",12.6,17.2,"-2,251",-5.0,0.0
Kentucky,KY,2104,"279,319","47,699","193,910","59,124","24,245",11.7,14.8,"275,278","46,707","189,665","58,556","23,620",12.3,16.2,-992,-2.1,0.6
Kentucky,KY,2105,"259,766","27,179","179,606","35,024","15,654",23.0,28.9,"257,388","28,411","179,767","34,934","16,588",21.7,26.9,"1,232",4.5,-1.3
Kentucky,KY,2106,"301,872","42,444","197,672","54,662","24,065",13.2,18.4,"302,659","42,936","196,218","54,372","23,214",14.8,19.5,492,1.2,1.6
Louisiana,LA,2201,"267,175","50,527","178,138","64,096","27,505",9.5,12.7,"263,193","49,866","173,308","62,361","27,865",9.7,12.5,-661,-1.3,0.2
Louisiana,LA,2202,"176,303","36,354","107,411","42,639","20,879",18.5,23.0,"192,603","37,162","116,260","44,674","21,298",22.6,27.2,808,2.2,4.1
Louisiana,LA,2203,"229,908","46,501","164,548","56,966","22,561",12.1,15.1,"228,251","46,048","166,591","54,950","21,740",14.7,17.9,-453,-1.0,2.6
Louisiana,LA,2204,"256,525","39,522","167,588","49,851","22,057",13.2,17.5,"254,695","38,966","170,357","49,027","21,207",15.3,18.9,-556,-1.4,2.1
Louisiana,LA,2205,"238,947","36,446","163,289","44,885","18,984",17.1,21.2,"232,436","36,401","155,698","45,474","19,746",17.7,22.1,-45,-0.1,0.6
Louisiana,LA,2206,"266,659","48,248","177,925","61,147","25,011",10.8,15.6,"264,099","49,016","174,893","61,574","25,172",9.4,15.3,768,1.6,-1.4
Louisiana,LA,2207,"252,510","41,679","170,000","52,843","22,827",14.0,17.7,"254,545","41,542","172,010","50,649","22,187",15.1,19.8,-137,-0.3,1.1
Maine,ME,2301,"274,840","52,328","176,189","64,740","27,761",6.1,9.2,"277,310","53,011","176,221","64,595","27,944",6.9,10.5,683,1.3,0.8
Maine,ME,2302,"270,015","39,365","171,372","49,199","21,443",10.6,15.6,"268,107","39,465","169,107","50,053","21,902",10.8,15.5,100,0.3,0.2
Maryland,MD,2401,"273,093","67,410","195,687","81,281","33,783",5.5,8.2,"270,915","66,890","193,745","82,266","32,222",5.1,8.9,-520,-0.8,-0.4
Maryland,MD,2402,"270,386","57,780","175,087","68,204","28,138",7.8,11.0,"271,520","56,215","176,214","66,328","27,536",8.5,12.0,"-1,565",-2.7,0.7
Maryland,MD,2403,"272,087","70,354","168,183","84,867","35,821",6.4,10.0,"281,108","70,113","173,312","86,662","36,005",6.3,9.6,-241,-0.3,-0.1
Maryland,MD,2404,"243,762","71,994","163,919","86,195","32,824",4.9,7.1,"256,687","71,863","174,967","83,469","32,929",6.3,8.9,-131,-0.2,1.4
Maryland,MD,2405,"263,741","83,698","187,012","95,528","34,613",3.2,5.5,"264,742","83,020","189,194","95,410","35,146",4.3,6.6,-678,-0.8,1.1
Maryland,MD,2406,"270,943","67,006","190,828","80,836","31,016",6.4,8.3,"270,214","69,501","196,847","82,872","31,762",5.5,7.7,"2,495",3.7,-0.9
Maryland,MD,2407,"238,781","50,066","141,218","71,213","29,528",10.4,15.5,"241,237","51,012","149,280","65,195","28,157",13.7,18.2,946,1.9,3.3
Maryland,MD,2408,"262,329","90,480","169,754","112,720","48,652",5.5,7.9,"271,016","85,926","178,399","105,639","45,691",4.9,8.2,"-4,554",-5.0,-0.6
Massachusetts,MA,2501,"251,896","51,431","157,783","67,722","26,329",8.1,12.3,"253,754","50,865","159,147","63,796","26,409",9.8,13.2,-566,-1.1,1.7
Massachusetts,MA,2502,"249,850","56,205","168,235","67,920","26,856",8.7,12.4,"251,871","55,932","167,072","70,278","27,039",9.5,12.9,-273,-0.5,0.8
Massachusetts,MA,2503,"245,180","63,339","163,645","81,699","31,233",7.1,9.7,"249,183","61,622","162,252","78,001","30,748",7.1,10.1,"-1,717",-2.7,0.0
Massachusetts,MA,2504,"241,818","70,451","159,727","88,091","38,529",7.1,9.7,"248,994","64,958","165,002","83,489","37,396",7.6,10.8,"-5,493",-7.8,0.5
Massachusetts,MA,2505,"231,747","68,244","158,253","88,446","33,048",7.3,10.4,"243,505","68,241","168,754","85,619","34,483",7.6,9.8,-3,0.0,0.3
Massachusetts,MA,2506,"248,041","72,411","162,657","92,393","36,416",4.4,7.1,"249,945","70,330","164,348","88,703","36,161",5.8,7.8,"-2,081",-2.9,1.4
Massachusetts,MA,2507,"245,436","70,861","151,755","91,556","37,739",5.6,8.3,"249,118","71,400","158,115","86,720","36,930",6.5,8.8,539,0.8,0.9
Massachusetts,MA,2508,"256,879","56,512","114,025","64,080","34,132",12.2,18.1,"263,911","47,604","120,365","54,290","31,030",18.5,24.5,"-8,908",-15.8,6.3
Massachusetts,MA,2509,"238,507","71,259","150,957","87,806","34,847",5.8,7.8,"247,737","72,927","158,543","88,308","36,214",7.0,9.6,"1,668",2.3,1.2
Massachusetts,MA,2510,"266,138","64,421","170,020","83,235","35,320",4.9,7.1,"262,401","65,094","166,659","82,576","35,597",5.7,7.6,673,1.0,0.8
Michigan,MI,2601,"270,856","38,416","177,585","47,789","21,177",10.6,15.3,"268,389","38,761","176,839","48,267","20,944",10.7,15.2,345,0.9,0.1
Michigan,MI,2602,"261,586","44,095","187,901","52,826","21,356",10.3,14.8,"259,378","44,527","187,631","52,239","21,444",12.0,15.8,432,1.0,1.7
Michigan,MI,2603,"256,405","48,061","176,453","57,812","23,436",11.6,14.6,"261,488","47,614","176,811","57,098","22,990",11.6,16.3,-447,-0.9,0.0
Michigan,MI,2604,"266,609","41,063","176,626","51,166","21,764",11.3,17.5,"268,277","41,496","180,122","50,856","21,975",11.5,17.5,433,1.1,0.2
Michigan,MI,2605,"255,749","39,497","161,788","49,045","21,162",15.3,20.6,"248,228","38,495","158,624","48,495","19,673",16.9,21.3,"-1,002",-2.5,1.6
Michigan,MI,2606,"262,612","42,181","171,273","53,935","22,374",12.2,17.5,"256,628","42,521","167,711","54,206","22,650",12.4,18.0,340,0.8,0.2
Michigan,MI,2607,"259,698","46,220","180,170","56,233","23,434",10.0,13.6,"253,266","46,606","174,606","55,955","22,563",10.4,14.9,386,0.8,0.4
Michigan,MI,2608,"264,945","56,251","180,507","70,164","26,861",7.1,12.2,"266,300","54,323","181,863","67,125","25,416",8.7,13.6,"-1,928",-3.4,1.6
Michigan,MI,2609,"259,699","65,543","171,428","85,828","36,669",7.1,9.8,"269,530","62,098","172,497","80,279","35,963",7.1,10.2,"-3,445",-5.3,0.0
Michigan,MI,2610,"270,071","52,541","193,604","63,646","24,939",8.1,10.6,"274,647","51,487","195,178","62,037","24,610",8.7,12.4,"-1,054",-2.0,0.6
Michigan,MI,2611,"243,521","61,511","168,683","76,125","29,732",5.5,7.9,"269,434","58,150","179,486","72,942","30,068",6.1,8.7,"-3,361",-5.5,0.6
Michigan,MI,2612,"263,650","44,619","157,731","55,256","23,903",10.5,13.7,"263,337","43,431","162,595","53,321","22,939",11.9,15.3,"-1,188",-2.7,1.4
Michigan,MI,2613,"220,601","28,219","128,690","35,695","16,415",27.4,31.9,"186,225","29,343","108,263","36,370","17,527",27.5,32.8,"1,124",4.0,0.1
Michigan,MI,2614,"213,885","32,364","136,436","38,499","16,771",24.7,30.5,"198,172","31,786","123,960","40,733","17,036",25.2,31.1,-578,-1.8,0.5
Michigan,MI,2615,"249,849","50,290","154,883","62,853","24,965",9.4,15.2,"263,322","50,090","162,594","61,274","25,417",10.8,15.4,-200,-0.4,1.4
Minnesota,MN,2701,"254,309","49,615","166,836","63,950","25,457",6.7,11.2,"255,471","49,844","165,382","64,757","25,399",6.5,11.4,229,0.5,-0.2
Minnesota,MN,2702,"263,651","70,928","190,757","83,020","31,067",3.9,6.4,"267,216","71,862","194,511","83,076","31,404",4.5,7.0,934,1.3,0.6
Minnesota,MN,2703,"254,496","73,168","171,664","89,526","39,260",4.3,6.5,"255,421","70,552","172,359","85,596","37,923",5.8,8.4,"-2,616",-3.6,1.5
Minnesota,MN,2704,"244,927","49,568","142,134","67,306","28,450",10.0,14.7,"245,645","51,277","146,164","67,447","27,622",11.0,15.6,"1,709",3.4,1.0
Minnesota,MN,2705,"263,541","50,398","129,925","66,064","29,543",10.9,17.0,"264,511","49,135","124,396","62,906","29,146",13.2,19.3,"-1,263",-2.5,2.3
Minnesota,MN,2706,"270,633","66,980","198,353","78,228","29,297",5.3,7.6,"272,272","67,049","199,735","78,416","29,235",4.6,6.8,69,0.1,-0.7
Minnesota,MN,2707,"256,800","45,069","169,165","56,832","23,128",7.8,12.0,"255,009","46,198","171,638","58,253","23,619",8.2,12.4,"1,129",2.5,0.4
Minnesota,MN,2708,"277,410","44,583","180,333","54,572","23,449",9.3,14.1,"276,003","45,294","179,573","57,790","23,480",9.3,13.7,711,1.6,0.0
Mississippi,MS,2801,"293,170","38,440","208,677","46,613","18,850",14.9,19.3,"286,068","38,259","204,983","47,449","19,143",15.5,20.4,-181,-0.5,0.6
Mississippi,MS,2802,"241,356","28,467","158,022","36,126","16,026",24.8,30.3,"231,954","30,547","158,032","37,388","16,059",25.0,29.8,"2,080",7.3,0.2
Mississippi,MS,2803,"288,913","38,410","192,396","48,949","21,619",15.0,20.5,"283,369","38,457","191,979","48,742","20,930",15.5,19.5,47,0.1,0.5
Mississippi,MS,2804,"271,587","40,950","195,036","47,934","20,071",16.0,18.7,"278,608","40,201","191,121","48,027","19,914",16.5,20.8,-749,-1.8,0.5
Missouri,MO,2901,"237,475","39,528","148,641","47,576","22,532",16.3,20.1,"239,956","37,440","137,987","49,440","22,358",15.5,21.3,"-2,088",-5.3,-0.8
Missouri,MO,2902,"261,870","72,298","189,304","85,246","35,419",3.4,4.8,"265,476","70,146","190,346","85,733","34,736",3.5,5.4,"-2,152",-3.0,0.1
Missouri,MO,2903,"267,614","49,300","159,264","62,884","26,608",9.7,12.7,"260,019","48,868","152,953","62,209","26,626",9.6,13.7,-432,-0.9,-0.1
Missouri,MO,2904,"252,862","41,287","174,950","49,587","20,650",11.2,14.8,"259,426","42,113","177,385","51,204","20,635",11.2,15.3,826,2.0,0.0
Missouri,MO,2905,"259,376","43,957","158,354","55,388","23,746",12.0,16.0,"255,732","43,525","150,630","56,333","24,170",13.5,17.8,-432,-1.0,1.5
Missouri,MO,2906,"270,245","51,333","185,509","63,080","25,482",7.6,10.8,"265,643","50,464","178,840","62,202","24,726",7.8,11.7,-869,-1.7,0.2
Missouri,MO,2907,"275,710","39,535","185,251","47,869","20,633",13.9,18.0,"282,272","38,404","183,420","49,344","20,638",12.0,17.7,"-1,131",-2.9,-1.9
Missouri,MO,2908,"250,418","34,297","169,004","42,131","17,869",15.4,20.5,"253,854","35,288","173,138","42,977","18,759",14.0,19.8,991,2.9,-1.4
Missouri,MO,2909,"264,114","43,697","173,098","56,371","22,196",10.4,15.1,"268,250","41,829","179,379","54,324","22,240",10.3,16.2,"-1,868",-4.3,-0.1
Montana,MT,3000,"375,287","42,322","235,940","55,010","22,371",9.9,15.1,"402,747","42,666","255,199","54,507","23,552",10.0,14.6,344,0.8,0.1
Nebraska,NE,3101,"240,347","48,089","157,012","62,128","24,295",8.5,13.1,"246,208","49,602","162,439","62,371","24,357",8.4,13.1,"1,513",3.1,-0.1
Nebraska,NE,3102,"243,679","51,907","151,626","67,062","27,565",7.7,11.2,"248,739","52,306","158,808","67,090","27,280",9.4,13.5,399,0.8,1.7
Nebraska,NE,3103,"227,197","41,472","149,328","52,852","21,638",9.1,12.8,"224,357","43,757","147,160","53,503","22,271",8.6,12.1,"2,285",5.5,-0.5
Nevada,NV,3201,"283,496","46,106","184,674","53,408","21,914",12.1,15.9,"278,378","43,916","175,865","52,088","21,248",15.2,19.7,"-2,190",-4.7,3.1
Nevada,NV,3202,"305,755","53,126","200,297","61,810","26,118",8.5,12.6,"323,031","49,352","206,442","60,944","26,350",10.7,15.1,"-3,774",-7.1,2.2
Nevada,NV,3203,"376,464","59,067","247,265","65,829","28,690",7.1,9.3,"388,402","57,239","257,379","64,370","27,494",8.7,11.1,"-1,828",-3.1,1.6
New Hampshire,NH,3301,"256,622","61,644","171,598","74,464","30,943",5.8,8.9,"261,711","61,948","174,399","75,983","31,437",5.4,7.7,304,0.5,-0.4
New Hampshire,NH,3302,"249,720","59,472","164,893","73,173","29,841",5.3,8.1,"253,720","59,729","169,658","73,421","30,462",5.1,8.9,257,0.4,-0.2
New Jersey,NJ,3401,"250,264","59,820","168,290","75,545","28,239",8.1,11.0,"249,891","58,089","166,019","71,250","28,109",10.0,11.6,"-1,731",-2.9,1.9
New Jersey,NJ,3402,"259,201","54,305","174,738","67,188","27,030",8.9,11.5,"252,423","55,993","174,012","68,583","26,790",9.5,12.5,"1,688",3.1,0.6
New Jersey,NJ,3403,"264,062","69,978","186,386","83,556","34,305",4.4,6.3,"255,728","70,743","178,609","85,314","34,159",4.5,6.3,765,1.1,0.1
New Jersey,NJ,3404,"247,222","67,987","171,059","83,246","31,498",5.4,7.9,"263,549","64,265","180,407","82,362","31,663",7.6,10.5,"-3,722",-5.5,2.2
New Jersey,NJ,3405,"240,099","89,774","180,315","102,867","42,697",3.0,4.4,"235,476","90,587","178,471","107,150","41,858",3.8,4.9,813,0.9,0.8
New Jersey,NJ,3406,"234,474","67,218","151,768","85,809","32,432",6.4,9.6,"232,552","69,417","154,851","84,640","30,902",7.0,10.3,"2,199",3.3,0.6
New Jersey,NJ,3407,"235,352","93,190","174,617","110,132","43,984",3.2,4.3,"237,660","94,843","177,275","110,059","44,400",3.0,4.4,"1,653",1.8,-0.2
New Jersey,NJ,3408,"213,565","59,512","148,529","72,614","29,474",11.0,14.5,"220,210","60,473","150,231","73,681","30,183",10.0,13.4,961,1.6,-1.0
New Jersey,NJ,3409,"252,185","66,723","168,188","78,968","33,551",7.1,9.2,"252,350","61,224","168,918","74,645","31,380",7.9,9.4,"-5,499",-8.2,0.8
New Jersey,NJ,3410,"223,436","46,937","144,503","55,677","23,496",14.5,17.3,"221,641","45,313","143,147","52,860","22,687",18.0,20.1,"-1,624",-3.5,3.5
New Jersey,NJ,3411,"240,137","97,730","174,674","116,692","48,421",2.1,3.5,"242,567","93,514","174,825","111,476","45,407",3.3,5.4,"-4,216",-4.3,1.2
New Jersey,NJ,3412,"249,452","85,071","175,296","102,459","41,411",4.4,6.1,"257,671","86,685","182,756","104,897","41,719",3.7,5.6,"1,614",1.9,-0.7
New Jersey,NJ,3413,"245,477","49,056","153,668","50,059","28,177",14.9,17.3,"250,703","49,264","156,211","51,890","26,477",16.5,19.5,208,0.4,1.6
New Mexico,NM,3501,"273,307","44,837","170,164","54,984","24,697",12.3,16.7,"279,632","46,811","174,369","59,028","25,133",14.7,18.0,"1,974",4.4,2.4
New Mexico,NM,3502,"229,809","36,367","156,872","43,987","18,395",16.8,21.6,"233,989","36,439","161,355","43,978","18,319",17.6,22.7,72,0.2,0.8
New Mexico,NM,3503,"238,988","48,010","162,260","57,698","23,250",11.8,15.8,"251,562","43,179","165,368","51,793","22,765",15.0,20.8,"-4,831",-10.1,3.2
New York,NY,3601,"237,570","80,857","174,375","94,612","34,655",3.8,5.8,"242,945","80,674","178,888","92,022","34,715",4.5,7.1,-183,-0.2,0.7
New York,NY,3602,"203,325","90,389","161,021","99,191","34,524",3.2,4.8,"217,445","84,909","168,407","98,424","35,585",3.7,5.2,"-5,480",-6.1,0.5
New York,NY,3603,"215,961","92,072","164,017","107,504","39,988",2.7,4.3,"219,120","92,064","165,085","107,360","39,751",3.1,4.6,-8,0.0,0.4
New York,NY,3604,"203,048","85,339","155,591","98,816","33,304",4.4,6.4,"211,019","82,102","161,406","95,174","34,156",5.8,7.5,"-3,237",-3.8,1.4
New York,NY,3605,"236,771","62,284","169,639","72,087","32,075",9.2,11.2,"229,224","61,429","163,597","71,485","32,044",10.1,13.1,-855,-1.4,0.9
New York,NY,3606,"201,072","59,156","148,645","64,588","23,197",9.3,11.6,"209,233","55,769","156,361","62,835","22,122",12.3,14.9,"-3,387",-5.7,3.0
New York,NY,3607,"239,890","45,677","153,732","52,109","21,861",14.8,17.3,"230,446","45,918","149,493","50,940","22,090",14.9,18.3,241,0.5,0.1
New York,NY,3608,"317,263","66,735","143,024","74,665","60,545",12.0,16.3,"301,830","63,146","136,324","68,236","53,920",13.8,18.3,"-3,589",-5.4,1.8
New York,NY,3609,"260,671","59,030","174,483","70,906","28,934",9.7,11.6,"247,742","54,716","164,793","66,916","28,464",10.1,12.7,"-4,314",-7.3,0.4
New York,NY,3610,"234,821","39,706","152,395","46,288","20,956",22.1,25.1,"239,391","41,602","158,765","46,090","21,144",22.9,26.3,"1,896",4.8,0.8
New York,NY,3611,"243,169","45,659","149,940","52,321","26,654",16.5,20.1,"240,316","45,070","147,084","48,956","26,012",19.5,21.6,-589,-1.3,3.0
New York,NY,3612,"241,543","42,864","146,629","41,647","23,719",23.6,25.1,"244,572","41,891","148,429","42,301","23,516",22.3,24.4,-973,-2.3,-1.3
New York,NY,3613,"244,879","59,941","173,049","71,292","28,310",9.0,11.3,"248,295","60,445","180,527","70,995","28,652",9.9,12.4,504,0.8,0.9
New York,NY,3614,"339,071","77,489","133,043","111,675","71,303",7.4,9.7,"312,208","75,348","127,496","102,453","66,242",6.7,11.1,"-2,141",-2.8,-0.7
New York,NY,3615,"244,224","38,579","125,888","43,625","29,587",21.2,25.0,"252,032","39,745","131,706","42,430","27,225",20.0,24.0,"1,166",3.0,-1.2
New York,NY,3616,"224,900","23,946","151,503","27,022","12,141",35.0,38.0,"225,860","23,773","156,134","26,626","11,992",36.8,38.9,-173,-0.7,1.8
New York,NY,3617,"230,705","53,562","152,627","65,696","26,608",12.1,15.7,"237,797","53,673","157,320","64,405","26,404",14.3,17.2,111,0.2,2.2
New York,NY,3618,"237,317","84,474","163,736","109,076","48,500",5.5,8.8,"241,165","84,607","172,006","103,420","49,035",5.6,7.9,133,0.2,0.1
New York,NY,3619,"242,300","79,818","175,143","98,106","35,222",5.2,8.3,"237,417","77,920","174,012","91,967","35,738",4.7,7.3,"-1,898",-2.4,-0.5
New York,NY,3620,"266,799","57,600","181,402","70,918","30,036",5.9,8.8,"272,734","58,359","179,962","71,802","29,181",5.2,7.9,759,1.3,-0.7
New York,NY,3621,"262,996","51,665","156,125","67,539","27,468",8.1,13.0,"270,522","50,627","157,062","66,081","27,377",11.3,14.7,"-1,038",-2.0,3.2
New York,NY,3622,"259,655","48,797","163,297","61,251","25,405",9.8,15.7,"258,141","47,836","157,813","61,211","24,434",11.3,16.9,-961,-2.0,1.5
New York,NY,3623,"251,656","45,333","167,887","55,182","21,675",10.8,14.5,"253,930","43,709","164,829","54,439","22,124",10.7,14.6,"-1,624",-3.6,-0.1
New York,NY,3624,"253,868","45,298","163,305","55,449","22,804",9.6,13.9,"254,075","47,477","164,707","57,811","22,799",9.1,13.8,"2,179",4.8,-0.5
New York,NY,3625,"263,712","51,239","167,595","63,794","26,683",8.4,12.4,"263,823","51,597","170,429","65,158","27,360",8.4,12.4,358,0.7,0.0
New York,NY,3626,"252,363","53,840","164,757","68,901","26,934",5.9,9.4,"260,461","52,868","172,350","68,782","26,453",6.7,10.0,-972,-1.8,0.8
New York,NY,3627,"262,910","43,284","159,002","58,072","24,430",12.2,14.7,"260,476","45,274","156,689","55,783","23,712",10.7,14.7,"1,990",4.6,-1.5
New York,NY,3628,"255,416","38,079","142,450","48,663","22,138",16.2,20.9,"252,447","35,726","143,100","47,663","20,915",18.8,23.6,"-2,353",-6.2,2.6
New York,NY,3629,"259,680","49,476","172,540","62,602","26,026",8.2,11.0,"261,761","51,871","167,902","62,843","27,865",7.5,11.6,"2,395",4.8,-0.7
North Carolina,NC,3701,"244,261","31,470","158,680","40,358","17,147",19.4,25.2,"242,945","32,370","164,665","39,617","17,690",20.6,25.6,900,2.9,1.2
North Carolina,NC,3702,"257,402","42,169","179,881","50,915","19,658",13.5,17.8,"260,093","41,233","181,565","48,265","19,177",15.8,19.2,-936,-2.2,2.3
North Carolina,NC,3703,"273,983","43,112","187,100","52,282","22,929",10.0,14.2,"282,860","45,390","191,638","55,011","23,907",10.4,14.5,"2,278",5.3,0.4
North Carolina,NC,3704,"313,232","62,916","206,639","82,886","32,388",6.3,10.6,"317,897","63,543","208,399","81,569","32,454",8.2,12.2,627,1.0,1.9
North Carolina,NC,3705,"273,529","43,697","187,245","54,091","23,530",9.6,13.3,"276,540","40,801","187,092","52,769","22,835",12.5,17.4,"-2,896",-6.6,2.9
North Carolina,NC,3706,"280,564","46,662","196,181","58,503","24,653",9.3,13.5,"283,984","46,040","197,836","56,046","24,372",11.6,14.9,-622,-1.3,2.3
North Carolina,NC,3707,"286,266","38,887","186,886","49,078","21,716",15.4,20.8,"287,715","40,171","189,986","48,826","21,797",14.8,20.8,"1,284",3.3,-0.6
North Carolina,NC,3708,"267,630","40,351","181,047","48,891","20,738",14.4,18.2,"262,925","41,256","170,155","48,344","20,029",14.4,19.0,905,2.2,0.0
North Carolina,NC,3709,"335,061","60,394","231,569","72,160","33,822",7.6,10.4,"325,162","59,081","223,914","70,268","32,329",8.0,10.6,"-1,313",-2.2,0.4
North Carolina,NC,3710,"261,032","40,138","184,800","48,830","20,632",12.4,15.9,"263,331","40,262","182,968","47,936","20,796",12.8,16.5,124,0.3,0.4
North Carolina,NC,3711,"284,148","38,391","181,433","49,885","22,166",10.8,16.6,"296,669","39,650","190,501","48,578","22,299",12.3,17.3,"1,259",3.3,1.5
North Carolina,NC,3712,"279,192","38,382","173,626","46,720","20,813",17.1,21.6,"279,984","36,266","170,510","42,225","19,298",20.9,24.5,"-2,116",-5.5,3.8
North Carolina,NC,3713,"289,795","44,949","175,190","56,589","24,706",12.2,16.6,"290,754","43,866","182,687","53,686","23,968",14.1,18.0,"-1,083",-2.4,1.9
North Dakota,ND,3800,"279,014","47,827","172,152","63,507","26,714",6.6,11.7,"280,412","48,670","171,945","65,207","26,021",7.8,13.0,843,1.8,1.2
Ohio,OH,3901,"244,933","41,192","142,885","56,071","23,027",12.5,17.8,"235,696","39,847","145,760","52,201","22,499",15.8,21.9,"-1,345",-3.3,3.3
Ohio,OH,3902,"260,400","56,398","176,826","68,061","30,457",8.6,10.8,"262,217","56,052","176,597","66,929","30,289",7.7,10.6,-346,-0.6,-0.9
Ohio,OH,3903,"253,358","46,665","164,866","58,898","25,813",9.5,13.0,"256,301","43,212","165,386","55,319","23,631",11.4,15.5,"-3,453",-7.4,1.9
Ohio,OH,3904,"247,744","42,986","167,490","52,108","20,923",10.2,14.1,"243,176","43,186","170,920","52,800","21,062",11.0,15.5,200,0.5,0.8
Ohio,OH,3905,"244,360","45,175","171,572","54,625","21,598",10.0,13.1,"238,332","45,123","165,980","55,005","22,051",10.5,13.6,-52,-0.1,0.5
Ohio,OH,3906,"244,307","38,833","168,112","49,773","21,175",11.8,16.8,"244,440","38,543","157,754","49,243","20,628",12.4,16.7,-290,-0.7,0.6
Ohio,OH,3907,"253,308","46,130","177,269","55,816","22,556",11.1,14.9,"258,298","46,633","174,811","56,413","23,100",11.7,15.6,503,1.1,0.6
Ohio,OH,3908,"247,431","49,166","171,238","58,853","23,522",9.8,13.9,"254,322","48,985","179,071","58,546","23,739",10.2,14.3,-181,-0.4,0.4
Ohio,OH,3909,"247,875","42,105","159,203","55,467","22,356",12.6,16.8,"246,131","41,066","157,203","52,735","23,121",12.9,17.4,"-1,039",-2.5,0.3
Ohio,OH,3910,"250,668","43,628","145,888","57,757","24,482",11.1,15.2,"249,514","44,192","148,399","58,050","25,022",11.0,14.2,564,1.3,-0.1
Ohio,OH,3911,"230,707","32,039","126,226","41,761","21,730",19.8,26.3,"228,383","32,373","128,029","42,241","22,056",21.2,25.0,334,1.0,1.4
Ohio,OH,3912,"286,794","56,296","184,362","72,416","30,317",9.7,13.3,"294,000","55,411","195,496","70,072","28,935",11.8,15.1,-885,-1.6,2.1
Ohio,OH,3913,"254,854","48,018","169,417","60,826","25,770",11.5,14.5,"256,100","47,483","169,893","60,366","25,248",11.3,14.7,-535,-1.1,-0.2
Ohio,OH,3914,"249,096","56,622","172,108","68,044","29,252",5.9,9.0,"253,835","56,087","173,871","67,729","29,017",6.4,8.9,-535,-0.9,0.5
Ohio,OH,3915,"264,665","48,712","157,285","60,680","25,505",13.1,18.6,"265,064","49,672","152,887","63,349","26,109",11.8,17.5,960,2.0,-1.3
Ohio,OH,3916,"250,967","47,823","173,936","57,879","23,831",9.4,12.9,"250,478","46,099","173,675","56,880","23,311",9.2,13.2,"-1,724",-3.6,-0.2
Ohio,OH,3917,"250,053","39,760","155,418","52,127","20,961",13.5,18.5,"241,378","39,734","150,999","50,903","20,479",14.3,19.5,-26,-0.1,0.8
Ohio,OH,3918,"244,884","38,346","163,113","47,362","19,679",13.5,17.4,"247,401","39,155","173,376","47,296","19,238",14.3,18.7,809,2.1,0.8
Oklahoma,OK,4001,"299,825","47,663","193,114","59,690","26,348",10.3,14.1,"297,740","45,677","195,398","56,689","25,216",11.3,15.3,"-1,986",-4.2,1.0
Oklahoma,OK,4002,"278,557","34,367","190,245","43,603","18,185",15.8,20.3,"279,931","37,011","192,677","44,941","18,581",15.3,19.6,"2,644",7.7,-0.5
Oklahoma,OK,4003,"274,437","41,404","187,642","53,418","21,365",10.8,15.5,"274,128","41,509","182,692","52,007","21,140",10.9,16.1,105,0.3,0.1
Oklahoma,OK,4004,"283,988","46,059","195,233","56,062","22,899",9.4,12.9,"291,548","45,876","201,162","55,842","22,213",11.1,15.1,-183,-0.4,1.7
Oklahoma,OK,4005,"293,212","40,197","183,065","50,579","23,989",14.5,18.4,"289,612","41,262","182,693","51,115","23,965",15.0,18.6,"1,065",2.6,0.5
Oregon,OR,4101,"310,326","57,402","197,288","71,236","29,319",7.4,11.2,"312,601","54,824","198,601","68,287","28,978",6.9,11.2,"-2,578",-4.5,-0.5
Oregon,OR,4102,"305,291","44,369","205,367","53,350","22,795",10.9,15.4,"304,999","41,302","204,523","50,350","22,032",12.2,16.9,"-3,067",-6.9,1.3
Oregon,OR,4103,"293,017","50,961","177,977","60,357","25,543",10.5,13.9,"298,285","48,726","179,878","57,415","25,023",13.3,17.2,"-2,235",-4.4,2.8
Oregon,OR,4104,"294,259","40,126","185,593","52,032","21,779",10.9,17.4,"301,017","39,835","185,166","50,465","21,888",12.5,18.9,-291,-0.7,1.6
Oregon,OR,4105,"283,026","50,547","190,402","61,910","25,770",9.7,13.7,"290,235","49,629","195,194","58,151","25,554",10.6,15.3,-918,-1.8,0.9
Pennsylvania,PA,4201,"232,484","32,622","131,397","38,399","19,036",25.1,28.9,"233,833","31,259","134,002","35,717","17,832",27.2,31.6,"-1,363",-4.2,2.1
Pennsylvania,PA,4202,"246,344","39,137","124,081","51,346","25,107",18.5,24.7,"258,791","34,512","122,491","48,977","23,403",19.2,26.3,"-4,625",-11.8,0.7
Pennsylvania,PA,4203,"252,971","43,335","165,181","54,164","22,424",9.2,13.5,"252,354","42,639","162,066","54,696","21,801",11.3,16.0,-696,-1.6,2.1
Pennsylvania,PA,4204,"261,616","53,717","177,779","68,552","30,173",6.1,8.3,"260,111","54,578","173,622","70,322","31,269",6.9,9.8,861,1.6,0.8
Pennsylvania,PA,4205,"251,864","40,428","163,618","50,466","-888,888,888",9.2,15.8,"253,957","40,730","161,101","50,650","20,448",10.5,17.0,302,0.7,1.3
Pennsylvania,PA,4206,"269,572","68,863","186,351","84,305","36,330",5.4,7.4,"273,571","69,222","185,896","86,525","36,218",4.7,7.4,359,0.5,-0.7
Pennsylvania,PA,4207,"248,988","70,774","164,388","87,646","36,239",4.5,6.4,"253,959","69,135","170,199","85,805","35,343",4.7,6.9,"-1,639",-2.3,0.2
Pennsylvania,PA,4208,"240,772","75,412","173,925","89,390","35,127",2.6,3.9,"244,000","70,008","173,127","84,526","34,087",4.0,6.1,"-5,404",-7.2,1.4
Pennsylvania,PA,4209,"263,031","42,983","179,735","52,221","22,042",8.8,12.5,"261,115","45,090","179,885","54,236","21,956",8.9,12.6,"2,107",4.9,0.1
Pennsylvania,PA,4210,"263,062","44,188","177,866","53,090","23,640",8.4,12.0,"257,520","44,684","175,604","54,574","23,018",8.3,12.1,496,1.1,-0.1
Pennsylvania,PA,4211,"271,471","42,724","177,844","53,572","22,675",9.3,13.3,"265,812","43,561","172,675","55,512","22,499",11.0,15.7,837,2.0,1.7
Pennsylvania,PA,4212,"259,326","39,329","167,374","50,813","20,991",11.2,15.3,"252,569","38,581","157,584","49,974","21,090",11.3,15.5,-748,-1.9,0.1
Pennsylvania,PA,4213,"253,239","58,341","165,907","76,734","30,457",7.4,10.4,"251,719","58,857","172,449","73,900","29,891",7.2,9.9,516,0.9,-0.2
Pennsylvania,PA,4214,"262,628","36,604","128,879","48,818","23,624",14.4,20.3,"255,612","36,084","131,948","50,263","23,392",12.9,18.8,-520,-1.4,-1.5
Pennsylvania,PA,4215,"265,468","56,938","182,961","68,558","27,188",7.3,10.0,"271,076","55,099","185,747","67,136","27,333",8.9,11.8,"-1,839",-3.2,1.6
Pennsylvania,PA,4216,"254,350","56,011","181,103","66,240","26,521",7.6,11.6,"269,218","52,893","189,266","63,502","26,143",9.6,12.9,"-3,118",-5.6,2.0
Pennsylvania,PA,4217,"268,802","49,156","174,327","61,128","25,203",6.9,10.6,"267,652","50,798","180,491","60,286","25,261",9.0,12.1,"1,642",3.3,2.1
Pennsylvania,PA,4218,"271,024","53,832","178,773","69,704","30,016",6.0,8.0,"266,271","56,507","172,898","70,857","30,272",4.5,6.7,"2,675",5.0,-1.5
Pennsylvania,PA,4219,"279,857","57,572","194,343","69,009","27,721",4.9,7.5,"286,890","56,357","196,659","68,166","27,662",6.1,8.7,"-1,215",-2.1,1.2
Rhode Island,RI,4401,"203,538","52,512","126,119","67,662","29,065",8.5,11.9,"204,018","50,272","119,743","67,037","28,589",8.6,13.9,"-2,240",-4.3,0.1
Rhode Island,RI,4402,"202,805","55,452","131,395","70,752","28,490",8.6,11.1,"198,277","54,390","126,285","68,732","26,791",9.7,14.2,"-1,062",-1.9,1.1
South Carolina,SC,4501,"327,656","47,762","216,647","57,480","26,034",9.6,14.1,"340,366","46,879","221,217","55,847","25,352",11.9,16.2,-883,-1.8,2.3
South Carolina,SC,4502,"308,879","50,850","207,169","61,449","26,753",9.2,12.3,"313,561","50,887","211,360","61,309","26,115",10.0,14.0,37,0.1,0.8
South Carolina,SC,4503,"277,808","39,808","194,687","49,597","20,865",15.0,19.3,"280,805","38,471","189,992","50,015","20,463",13.9,18.5,"-1,337",-3.4,-1.1
South Carolina,SC,4504,"289,556","42,302","193,759","53,592","22,437",10.8,15.6,"290,708","43,238","196,158","55,230","23,183",12.3,16.0,936,2.2,1.5
South Carolina,SC,4505,"283,544","39,351","193,552","48,845","20,416",14.5,18.5,"287,596","38,867","201,776","47,859","19,685",15.6,19.8,-484,-1.2,1.1
South Carolina,SC,4506,"242,789","31,987","157,950","41,011","17,176",20.1,24.4,"248,357","31,502","160,184","38,459","16,588",20.9,26.0,-485,-1.5,0.8
South Dakota,SD,4600,"316,638","45,043","204,649","57,764","23,523",9.0,14.2,"318,955","45,904","204,029","59,987","23,647",9.2,14.4,861,1.9,0.2
Tennessee,TN,4701,"276,308","35,133","191,319","43,664","19,891",15.1,19.2,"282,825","35,625","190,124","44,686","20,786",15.4,21.0,492,1.4,0.3
Tennessee,TN,4702,"293,460","44,443","188,999","56,738","24,408",11.1,14.5,"294,505","42,095","186,194","55,405","23,959",9.2,13.5,"-2,348",-5.3,-1.9
Tennessee,TN,4703,"272,250","39,147","180,923","50,176","22,399",14.1,18.4,"271,937","40,620","185,150","50,662","22,416",13.5,17.3,"1,473",3.8,-0.6
Tennessee,TN,4704,"265,710","36,590","184,116","44,869","19,388",13.9,17.8,"268,587","36,301","187,764","45,206","19,268",14.6,19.2,-289,-0.8,0.7
Tennessee,TN,4705,"281,421","46,980","165,366","56,860","25,792",11.3,16.0,"277,610","44,587","164,497","53,493","25,460",14.8,19.3,"-2,393",-5.1,3.5
Tennessee,TN,4706,"290,420","45,987","204,307","54,759","22,013",11.3,15.1,"288,283","43,712","203,849","52,870","20,867",11.8,16.3,"-2,275",-4.9,0.5
Tennessee,TN,4707,"278,802","60,504","209,484","69,568","29,629",7.4,10.4,"283,669","58,253","214,390","68,948","27,924",8.3,10.8,"-2,251",-3.7,0.9
Tennessee,TN,4708,"255,547","36,703","177,708","45,049","19,258",16.6,20.5,"245,507","37,427","166,546","46,748","19,512",14.8,18.7,724,2.0,-1.8
Tennessee,TN,4709,"233,148","34,711","136,567","41,831","20,001",19.7,24.8,"227,740","37,508","146,382","42,562","20,971",20.7,25.5,"2,797",8.1,1.0
Texas,TX,4801,"254,543","41,102","178,485","51,119","21,851",12.9,17.1,"267,504","41,351","185,478","51,907","21,623",13.1,17.7,249,0.6,0.2
Texas,TX,4802,"269,770","56,593","193,521","67,527","26,527",11.4,13.8,"272,705","53,617","199,241","62,215","25,124",12.3,15.6,"-2,976",-5.3,0.9
Texas,TX,4803,"298,919","65,569","212,466","79,708","31,400",8.3,11.0,"299,452","66,068","215,346","80,102","31,754",7.9,11.1,499,0.8,-0.4
Texas,TX,4804,"289,752","49,846","214,460","60,069","24,162",10.4,13.8,"303,357","51,584","221,468","61,007","24,633",9.7,13.3,"1,738",3.5,-0.7
Texas,TX,4805,"247,354","47,178","175,075","54,840","22,556",10.9,14.4,"254,981","46,131","179,067","54,849","22,032",11.7,15.4,"-1,047",-2.2,0.8
Texas,TX,4806,"274,926","53,071","202,902","61,536","24,281",10.6,14.3,"286,881","51,287","207,202","58,725","23,471",10.9,14.1,"-1,784",-3.4,0.3
Texas,TX,4807,"322,378","70,160","192,398","88,198","44,152",5.9,8.2,"315,288","70,229","187,425","85,748","41,804",8.2,10.5,69,0.1,2.3
Texas,TX,4808,"287,913","51,313","209,979","63,161","26,398",11.1,13.8,"296,426","52,247","212,235","62,294","25,725",10.7,14.1,934,1.8,-0.4
Texas,TX,4809,"249,966","37,202","167,460","40,561","18,288",19.1,22.2,"243,476","37,185","158,502","40,833","17,416",20.3,23.6,-17,0.0,1.2
Texas,TX,4810,"327,020","60,950","229,618","71,361","29,041",8.5,11.1,"343,013","60,802","237,775","72,659","28,598",9.8,13.3,-148,-0.2,1.3
Texas,TX,4811,"259,129","43,473","183,633","53,899","23,600",11.6,15.3,"259,238","41,947","178,597","52,442","22,828",13.9,17.5,"-1,526",-3.5,2.3
Texas,TX,4812,"279,051","52,385","195,548","60,082","24,936",10.2,14.0,"301,083","51,049","209,999","58,564","24,691",11.3,14.8,"-1,336",-2.6,1.1
Texas,TX,4813,"244,297","42,186","167,657","51,220","21,724",12.1,15.1,"248,138","42,368","164,841","53,603","21,291",12.5,16.6,182,0.4,0.4
Texas,TX,4814,"276,075","54,556","199,738","66,540","27,148",9.8,12.7,"271,984","56,312","202,067","67,858","27,241",11.7,14.8,"1,756",3.2,1.9
Texas,TX,4815,"241,319","31,823","185,041","35,937","14,700",27.3,32.0,"229,070","35,394","179,444","39,343","15,183",24.7,29.5,"3,571",11.2,-2.6
Texas,TX,4816,"232,534","36,415","173,126","41,531","16,907",20.2,23.3,"239,270","36,185","180,324","39,892","17,208",20.1,23.7,-230,-0.6,-0.1
Texas,TX,4817,"257,346","42,995","171,279","55,639","20,899",13.2,20.8,"266,918","42,093","178,242","52,565","20,324",14.1,21.4,-902,-2.1,0.9
Texas,TX,4818,"255,620","37,184","166,964","39,784","19,213",22.7,26.2,"242,412","36,991","155,229","40,116","18,715",24.1,27.5,-193,-0.5,1.4
Texas,TX,4819,"254,028","39,405","168,384","49,871","20,084",13.0,17.7,"246,412","41,039","162,371","51,384","20,495",14.1,19.7,"1,634",4.1,1.1
Texas,TX,4820,"236,066","35,945","151,628","41,369","16,803",20.6,24.6,"243,255","38,859","158,893","44,026","17,335",17.3,21.4,"2,914",8.1,-3.3
Texas,TX,4821,"305,198","61,050","203,216","76,766","31,940",5.8,10.0,"336,694","58,329","221,270","73,625","32,752",7.8,12.0,"-2,721",-4.5,2.0
Texas,TX,4822,"292,279","69,696","223,193","80,125","30,023",7.9,10.3,"308,084","67,196","234,025","77,510","29,266",8.2,10.5,"-2,500",-3.6,0.3
Texas,TX,4823,"247,496","44,614","181,944","52,733","20,704",15.4,19.2,"271,013","47,330","203,023","54,051","21,329",16.6,21.2,"2,716",6.1,1.2
Texas,TX,4824,"282,224","61,473","193,864","72,798","30,927",7.1,9.5,"297,543","57,031","201,303","69,539","30,110",9.9,12.4,"-4,442",-7.2,2.8
Texas,TX,4825,"295,481","47,807","178,135","57,723","24,626",12.7,18.1,"304,192","47,216","183,311","59,137","24,165",13.8,19.5,-591,-1.2,1.1
Texas,TX,4826,"293,980","60,216","211,575","72,220","27,063",9.9,14.1,"313,533","61,158","224,294","73,093","27,515",8.4,12.2,942,1.6,-1.5
Texas,TX,4827,"233,688","36,318","169,354","41,466","17,428",22.5,26.9,"236,709","36,960","175,382","41,539","17,789",22.7,28.0,642,1.8,0.2
Texas,TX,4828,"234,124","37,269","192,208","40,448","15,157",23.5,27.8,"248,503","39,839","206,393","42,306","15,987",23.0,27.3,"2,570",6.9,-0.5
Texas,TX,4829,"196,153","35,470","153,566","38,240","13,742",21.8,24.7,"191,581","36,154","147,056","38,655","14,054",25.1,28.0,684,1.9,3.3
Texas,TX,4830,"251,844","36,506","158,226","37,423","18,564",24.0,27.8,"245,731","37,668","147,816","39,495","19,436",22.8,26.3,"1,162",3.2,-1.2
Texas,TX,4831,"284,702","54,273","202,149","64,127","24,335",8.6,10.7,"311,720","55,532","226,373","62,391","24,535",7.9,11.0,"1,259",2.3,-0.7
Texas,TX,4832,"252,763","48,676","149,575","58,241","33,326",14.1,17.6,"242,498","49,919","147,598","56,179","31,683",15.1,19.0,"1,243",2.6,1.0
Utah,UT,4901,"291,731","54,031","217,002","62,104","22,423",7.9,11.5,"298,154","54,224","225,695","62,507","22,340",9.7,12.6,193,0.4,1.8
Utah,UT,4902,"302,710","55,048","218,399","64,180","24,916",7.5,10.7,"305,842","54,514","217,778","62,122","24,847",9.4,12.6,-534,-1.0,1.9
Utah,UT,4903,"268,681","56,472","213,331","62,288","19,329",8.0,12.3,"276,029","55,479","222,491","60,150","19,244",10.0,14.2,-993,-1.8,2.0
Vermont,VT,5000,"251,736","51,618","159,445","63,483","26,940",7.3,11.4,"256,922","49,406","159,846","62,575","26,876",8.4,12.7,"-2,212",-4.3,1.1
Virginia,VA,5101,"285,031","66,985","207,146","78,925","30,772",5.2,7.6,"285,511","68,777","204,074","80,204","31,220",5.2,7.6,"1,792",2.7,0.0
Virginia,VA,5102,"235,759","55,732","154,813","64,876","27,854",6.1,8.5,"237,730","57,142","155,759","68,614","28,314",6.6,9.4,"1,410",2.5,0.5
Virginia,VA,5103,"258,816","40,256","153,601","49,373","21,446",15.7,19.1,"252,571","41,485","150,892","51,161","21,689",15.2,19.9,"1,229",3.1,-0.5
Virginia,VA,5104,"264,451","56,457","191,065","67,231","26,011",7.0,9.8,"261,887","58,773","191,822","69,383","25,852",7.4,10.0,"2,316",4.1,0.4
Virginia,VA,5105,"269,415","42,162","181,387","52,616","22,920",12.4,16.4,"270,457","41,134","178,425","51,055","22,893",11.4,16.5,"-1,028",-2.4,-1.0
Virginia,VA,5106,"276,761","44,928","175,251","55,755","23,419",9.0,14.0,"275,050","45,342","176,714","58,948","23,782",9.7,15.6,414,0.9,0.7
Virginia,VA,5107,"286,170","63,522","198,819","76,285","32,473",5.2,7.5,"291,206","61,653","202,242","76,539","32,522",6.6,8.5,"-1,869",-2.9,1.4
Virginia,VA,5108,"282,923","88,945","142,720","115,634","48,991",4.6,8.0,"296,414","88,668","157,285","105,719","49,211",5.7,7.9,-277,-0.3,1.1
Virginia,VA,5109,"261,165","36,897","170,569","45,114","19,642",13.0,18.1,"257,464","35,201","167,787","46,013","19,276",12.6,19.1,"-1,696",-4.6,-0.4
Virginia,VA,5110,"291,751","94,931","214,608","109,114","42,672",3.1,5.4,"297,119","98,789","224,043","111,186","41,917",4.3,6.4,"3,858",4.1,1.2
Virginia,VA,5111,"259,247","101,922","197,522","116,417","42,007",3.5,5.2,"267,323","105,560","204,477","117,941","42,347",3.7,5.4,"3,638",3.6,0.2
Washington,WA,5301,"285,032","72,029","190,223","85,959","36,123",5.1,7.6,"289,970","72,438","194,871","87,227","34,787",5.4,7.8,409,0.6,0.3
Washington,WA,5302,"286,484","55,552","184,808","66,469","26,389",6.8,11.6,"294,053","54,449","191,644","66,134","25,954",8.3,12.3,"-1,103",-2.0,1.5
Washington,WA,5303,"293,271","52,168","197,389","62,019","25,413",9.1,12.9,"296,578","51,599","203,174","61,635","24,884",9.9,14.0,-569,-1.1,0.8
Washington,WA,5304,"257,611","47,448","184,368","55,357","20,932",12.1,17.6,"267,402","46,591","190,747","53,812","21,772",14.6,19.4,-857,-1.8,2.5
Washington,WA,5305,"276,326","43,321","178,336","56,583","23,040",10.3,16.0,"286,927","44,048","183,444","55,930","23,231",10.3,15.6,727,1.7,0.0
Washington,WA,5306,"277,131","48,374","179,631","57,512","24,565",11.1,15.4,"284,252","46,683","175,972","57,823","24,511",9.5,15.1,"-1,691",-3.5,-1.6
Washington,WA,5307,"320,493","60,438","147,208","85,564","38,840",6.1,11.6,"312,608","59,358","146,418","81,227","36,910",9.0,15.4,"-1,080",-1.8,2.9
Washington,WA,5308,"290,814","82,848","209,043","93,028","38,090",3.7,6.2,"298,258","79,260","217,423","89,512","36,918",5.2,7.5,"-3,588",-4.3,1.5
Washington,WA,5309,"272,126","55,675","179,513","65,756","26,080",8.6,12.4,"276,815","54,647","177,693","63,513","25,981",11.1,14.5,"-1,028",-1.8,2.5
West Virginia,WV,5401,"242,335","37,910","158,867","48,897","20,850",12.1,17.1,"248,961","37,859","158,851","50,419","21,689",11.5,17.4,-51,-0.1,-0.6
West Virginia,WV,5402,"261,660","41,020","167,693","50,846","24,001",10.5,13.8,"259,228","41,921","168,705","52,668","22,259",11.6,16.1,901,2.2,1.1
West Virginia,WV,5403,"244,522","32,600","165,719","42,706","18,768",19.0,22.6,"233,751","33,922","158,096","43,149","18,744",16.6,21.1,"1,322",4.1,-2.4
Wisconsin,WI,5501,"279,229","55,958","192,881","67,721","27,059",7.4,10.3,"281,659","55,165","187,643","67,213","26,677",9.0,11.2,-793,-1.4,1.6
Wisconsin,WI,5502,"309,089","54,179","183,282","70,984","29,024",6.6,13.2,"306,954","54,199","185,449","71,072","28,611",7.4,12.7,20,0.0,0.8
Wisconsin,WI,5503,"282,692","48,698","186,903","60,836","23,360",7.2,11.9,"286,586","46,668","185,877","60,424","23,600",8.3,13.5,"-2,030",-4.2,1.1
Wisconsin,WI,5504,"255,549","36,007","142,308","41,590","18,809",21.1,25.6,"260,305","34,138","143,047","40,563","18,338",23.8,27.9,"-1,869",-5.2,2.7
Wisconsin,WI,5505,"280,375","65,888","194,369","80,569","34,444",3.8,5.7,"284,143","64,869","191,622","82,880","34,128",4.0,6.4,"-1,019",-1.5,0.2
Wisconsin,WI,5506,"284,136","48,886","188,667","60,628","24,635",7.2,10.5,"282,454","48,999","183,765","60,514","23,991",7.5,10.6,113,0.2,0.3
Wisconsin,WI,5507,"290,846","44,057","193,782","55,291","23,462",8.4,12.4,"289,152","43,591","187,393","54,630","23,058",9.0,13.1,-466,-1.1,0.6
Wisconsin,WI,5508,"290,358","49,592","194,423","60,102","25,849",7.3,10.4,"288,279","47,469","188,536","59,948","24,665",7.6,11.2,"-2,123",-4.3,0.3
Wyoming,WY,5600,"213,571","52,664","143,459","65,532","26,778",6.3,9.8,"222,803","53,512","147,394","65,841","27,616",7.2,11.2,848,1.6,0.9
Puerto Rico,PR,7298,"1,181,112","18,314","877,711","21,359","9,811",41.3,45.0,"1,319,448","18,862","966,123","21,645","10,762",41.2,45.0,548,3.0,-0.1
